"id","name","applicant_group","gpa","exam_year","exam_result_date","remarks","employee_id","institute_id","manager_id"
1,"Harrison","Pede Suspendisse Corporation",8,"2016-07-20","2014-12-04","Mauris quis turpis vitae",1,1,3
2,"Isaac","Vehicula Foundation",2,"2016-02-21","2014-11-23","nisl arcu iaculis enim,",2,2,3
3,"Darius","Quis Pede Suspendisse Industries",2,"2016-02-04","2015-02-03","neque. Sed eget lacus. Mauris non",3,1,2
4,"Erasmus","Elit LLP",4,"2016-05-01","2015-12-08","Morbi sit amet massa. Quisque porttitor eros nec tellus. Nunc",4,2,2
5,"Abdul","Lectus Ltd",9,"2015-03-15","2015-07-15","purus, accumsan interdum",5,1,5
6,"Alexander","Diam Eu Dolor Corp.",8,"2016-07-06","2015-11-08","libero est, congue a, aliquet vel, vulputate eu, odio.",6,2,2
7,"Lane","Vel Pede Consulting",10,"2015-09-13","2014-11-15","Mauris vestibulum, neque sed dictum eleifend, nunc risus",7,1,2
8,"Sawyer","Placerat Augue Sed Incorporated",6,"2015-12-03","2015-07-08","eros. Nam consequat dolor vitae dolor. Donec fringilla. Donec feugiat",8,2,2
9,"Moses","Feugiat Inc.",5,"2015-12-15","2015-03-19","molestie",9,2,4
10,"Driscoll","Mollis Nec Cursus PC",2,"2014-12-12","2016-08-04","massa. Mauris vestibulum, neque sed",10,1,4
11,"Alec","Ante Nunc Mauris PC",8,"2016-10-20","2016-04-29","hendrerit",11,1,3
12,"Burke","Mauris Id Sapien Associates",2,"2015-03-20","2016-09-27","ligula consectetuer rhoncus. Nullam velit",12,1,3
13,"Eagan","Ipsum Non Ltd",5,"2016-01-23","2016-08-18","luctus aliquet odio. Etiam ligula tortor, dictum",13,1,6
14,"Dexter","Ipsum Corp.",6,"2015-02-02","2015-03-31","nascetur ridiculus mus. Donec dignissim magna",14,1,3
15,"Gabriel","Malesuada Vel Venenatis Company",7,"2015-02-23","2015-10-21","Donec porttitor tellus non magna. Nam ligula elit, pretium",15,1,3
16,"Merritt","Id Ante Dictum Incorporated",6,"2015-01-13","2016-03-28","non justo. Proin non massa non ante",16,1,3
17,"Aquila","Donec Luctus Aliquet LLP",1,"2014-12-04","2015-08-04","lacinia",17,1,5
18,"Ryan","Lectus Cum Associates",4,"2015-08-02","2015-11-23","nibh lacinia orci, consectetuer euismod",18,1,5
19,"Oren","Metus Urna Company",1,"2015-12-20","2015-01-09","fringilla euismod enim.",19,2,4
20,"Rajah","Nunc Ullamcorper Company",7,"2015-07-08","2015-07-12","nibh.",20,1,3
21,"John","Non Hendrerit Id PC",10,"2015-01-21","2014-12-28","a ultricies adipiscing, enim mi tempor lorem, eget",21,1,3
22,"Grant","Mollis Non Cursus Industries",7,"2015-12-31","2016-09-23","egestas. Fusce aliquet",22,1,2
23,"Lance","Molestie Sodales Inc.",10,"2015-11-16","2016-09-06","et",23,1,2
24,"Zachary","Cras Company",10,"2016-07-09","2015-01-13","ac mattis ornare, lectus ante dictum mi, ac",24,1,5
25,"Alan","Odio Etiam Ligula Corporation",10,"2015-06-20","2016-05-24","interdum enim non nisi. Aenean eget",25,1,2
26,"Devin","Natoque Penatibus Et PC",10,"2015-12-13","2015-03-26","aliquet libero. Integer in magna. Phasellus dolor elit, pellentesque a,",26,1,2
27,"Blaze","Montes LLC",9,"2014-12-08","2015-04-28","eu, accumsan sed, facilisis vitae, orci.",27,1,2
28,"Derek","Amet Lorem Corp.",4,"2015-08-13","2016-07-07","magna. Cras convallis convallis dolor. Quisque tincidunt",28,1,4
29,"Daquan","Cras Foundation",3,"2015-09-13","2014-11-09","Fusce aliquet magna a neque. Nullam ut nisi a",29,1,4
30,"Armand","Fusce Foundation",7,"2015-12-16","2015-05-24","eu, placerat eget, venenatis a, magna. Lorem",30,1,3
31,"Gavin","Nulla Consulting",5,"2016-07-10","2015-09-24","enim. Mauris quis turpis vitae purus gravida sagittis. Duis gravida.",31,1,3
32,"Dustin","Dolor Dapibus Gravida Associates",7,"2015-06-24","2016-02-17","nec metus facilisis lorem tristique aliquet. Phasellus",32,1,6
33,"Kenneth","Sed Industries",2,"2015-09-11","2015-04-02","auctor non, feugiat nec, diam. Duis",33,1,3
34,"Ethan","Vel Sapien Imperdiet Company",5,"2016-06-04","2016-03-04","risus a ultricies adipiscing,",34,1,3
35,"Nolan","Eu Placerat Eget PC",10,"2015-04-30","2015-07-08","dictum.",35,1,3
36,"Cole","Tortor Institute",3,"2016-09-07","2015-01-06","Phasellus",36,1,5
37,"Barrett","Metus Urna Industries",3,"2016-01-31","2016-08-15","risus. Donec egestas. Duis",37,1,5
38,"Fitzgerald","Interdum Nunc Sollicitudin Consulting",2,"2014-11-29","2016-04-11","ullamcorper, velit in aliquet lobortis, nisi nibh",38,1,4
39,"Shad","Velit Sed Malesuada LLP",10,"2016-08-21","2015-10-13","Phasellus at augue id ante dictum",39,1,3
40,"Denton","Bibendum Donec Consulting",9,"2014-12-29","2016-02-18","varius et, euismod et,",40,1,3
41,"Tanner","Amet Corp.",4,"2015-04-13","2015-05-13","tristique senectus et netus et malesuada",41,1,2
42,"Plato","Tincidunt Limited",6,"2015-03-21","2015-10-06","Curabitur ut odio vel est tempor bibendum. Donec",42,1,2
43,"Abdul","Ut Aliquam PC",6,"2016-06-22","2015-03-19","sed dictum eleifend, nunc risus varius orci, in consequat enim",43,1,5
44,"Denton","Gravida Sagittis Duis Institute",3,"2016-09-13","2015-12-03","Maecenas malesuada fringilla",44,1,2
45,"Gray","Nec Ltd",9,"2016-10-05","2015-12-11","consequat purus. Maecenas libero est, congue a, aliquet",45,1,2
46,"Emmanuel","Risus Institute",8,"2014-12-20","2016-01-27","vitae aliquam eros turpis non enim. Mauris quis",46,1,2
47,"Erich","In Tincidunt Corporation",5,"2016-02-14","2016-05-14","augue ac ipsum. Phasellus vitae mauris sit amet lorem semper",47,1,4
48,"George","Magna Nam Company",3,"2016-01-07","2016-10-24","elit, pretium et, rutrum non, hendrerit id, ante.",48,1,4
49,"David","Nec Orci Company",4,"2014-11-13","2015-03-15","magna tellus faucibus leo, in lobortis tellus justo",49,1,3
50,"Aristotle","Volutpat Nunc Sit Company",7,"2016-05-02","2015-04-19","augue",50,1,3
51,"Sean","Viverra Donec Tempus Associates",10,"2014-12-20","2015-08-23","aliquet. Proin velit. Sed malesuada augue ut lacus.",51,1,6
52,"Damian","Ultrices Posuere Company",3,"2016-01-10","2015-12-04","lectus. Nullam",52,1,3
53,"Allistair","Elementum Dui Consulting",4,"2015-10-27","2015-06-01","molestie orci tincidunt adipiscing. Mauris molestie pharetra",53,1,3
54,"Howard","Sed Dui Inc.",5,"2016-05-04","2016-01-29","nisi a odio semper cursus. Integer mollis. Integer",54,1,3
55,"Kasper","Orci Industries",4,"2014-11-30","2015-10-15","vitae, aliquet nec, imperdiet nec, leo. Morbi neque tellus, imperdiet",55,1,5
56,"Ivor","Aliquet LLC",8,"2016-06-25","2014-12-18","ac ipsum. Phasellus vitae mauris",56,1,5
57,"Ross","Vel Arcu Eu Ltd",6,"2015-03-02","2016-07-28","suscipit, est ac facilisis facilisis, magna tellus",57,1,4
58,"Eric","Velit Aliquam Nisl LLP",5,"2014-12-25","2015-05-05","lectus pede et risus. Quisque libero",58,1,3
59,"Chadwick","Ligula Nullam Institute",1,"2015-02-21","2015-01-20","non, dapibus",59,1,3
60,"Castor","Ut Pharetra Consulting",10,"2015-09-11","2016-11-02","mi felis, adipiscing",60,1,2
61,"Colorado","Tempus Limited",9,"2015-01-01","2016-09-16","Mauris eu turpis. Nulla aliquet. Proin velit. Sed",61,1,2
62,"Ethan","Iaculis Quis Pede PC",7,"2015-05-24","2016-04-20","elementum, lorem ut aliquam iaculis, lacus pede sagittis augue,",62,1,5
63,"Camden","Ut Incorporated",9,"2015-01-29","2015-07-31","consectetuer adipiscing",63,1,2
64,"Kirk","Lobortis Ultrices Vivamus LLC",2,"2016-01-08","2015-06-15","a, auctor non, feugiat",64,1,2
65,"Bert","Ullamcorper Velit Associates",1,"2016-06-19","2016-10-14","rutrum, justo. Praesent luctus. Curabitur egestas",65,1,2
66,"Stewart","Quam PC",5,"2015-11-29","2015-10-17","cubilia Curae; Donec tincidunt. Donec vitae erat",66,1,4
67,"Marsden","Lectus Nullam Suscipit Consulting",8,"2016-06-07","2016-09-14","fringilla est. Mauris eu turpis.",67,1,4
68,"Tad","Ipsum Phasellus PC",8,"2014-12-02","2014-12-22","quam dignissim pharetra. Nam ac nulla. In tincidunt congue",68,1,3
69,"Aristotle","Enim Ltd",5,"2015-08-09","2016-10-28","neque et nunc.",69,1,3
70,"Walker","Velit PC",8,"2015-10-06","2016-07-13","enim, gravida sit amet,",70,1,6
71,"Troy","Molestie Arcu Sed LLP",6,"2016-05-05","2015-06-26","ut eros",71,1,3
72,"Norman","Nec Eleifend Non LLP",7,"2016-01-21","2015-01-17","nunc est, mollis non, cursus non,",72,1,3
73,"Drake","Arcu Vivamus Sit Industries",2,"2015-12-12","2016-02-28","et, eros. Proin",73,1,3
74,"Alec","Tortor Nunc Commodo LLC",5,"2015-11-10","2015-02-10","Aenean euismod mauris eu elit. Nulla facilisi.",74,1,5
75,"Camden","Convallis Institute",1,"2016-08-22","2015-12-14","Sed dictum. Proin eget odio. Aliquam",75,1,5
76,"Thaddeus","Lorem Vitae Institute",8,"2016-05-21","2016-04-28","vel sapien",76,1,4
77,"Ryder","Consectetuer Adipiscing LLP",1,"2016-03-24","2015-01-12","Aliquam rutrum lorem ac risus. Morbi",77,1,3
78,"Graiden","Amet Faucibus Ut PC",6,"2015-11-26","2015-09-10","id,",78,1,3
79,"Lester","Cras Sed Corp.",4,"2015-12-09","2016-04-27","rhoncus id,",79,1,2
80,"Richard","Sed Eu Nibh Ltd",5,"2015-03-24","2016-03-03","malesuada fames ac turpis egestas. Aliquam fringilla cursus",80,1,2
81,"John","Aliquam Iaculis Limited",10,"2016-02-06","2016-06-16","at lacus. Quisque purus sapien, gravida non,",81,1,5
82,"Tanner","Sapien Cursus Industries",4,"2016-08-17","2015-03-20","sodales. Mauris blandit enim consequat purus.",82,1,2
83,"Baxter","Porta Institute",5,"2015-06-04","2016-06-01","feugiat placerat velit. Quisque varius.",83,1,2
84,"Lawrence","Nibh Aliquam Ornare PC",9,"2016-05-29","2015-06-27","a",84,1,2
85,"Jared","Non Lacinia At Foundation",7,"2015-11-29","2015-12-16","velit egestas lacinia. Sed congue, elit sed",85,1,4
86,"Herman","Nunc Mauris Industries",10,"2016-06-14","2014-11-28","dictum eu, eleifend nec, malesuada ut, sem. Nulla interdum. Curabitur",86,2,4
87,"Forrest","Facilisi LLC",7,"2015-05-29","2015-01-16","mauris elit, dictum eu, eleifend nec, malesuada ut,",87,1,3
88,"Warren","Lobortis Risus In Ltd",5,"2015-06-13","2015-12-01","enim diam vel arcu. Curabitur ut odio vel",88,1,3
89,"Wayne","Quisque Limited",3,"2014-12-01","2016-07-04","tincidunt, nunc ac mattis ornare, lectus",89,1,2
90,"Jamal","Ipsum Foundation",1,"2016-02-03","2016-09-16","vestibulum, neque sed dictum eleifend, nunc",90,1,3
91,"Hakeem","Integer Vulputate Industries",3,"2015-12-01","2016-08-14","sit amet ante. Vivamus non lorem vitae odio sagittis",91,1,3
92,"Henry","Faucibus Id Libero LLC",4,"2015-11-26","2016-09-20","egestas nunc sed libero.",92,1,3
93,"Chaim","Vitae Orci LLC",3,"2014-11-24","2016-09-17","ultricies ligula. Nullam enim. Sed nulla ante, iaculis",93,2,5
94,"Lewis","Nostra Per Company",9,"2016-03-21","2016-01-08","ante ipsum primis in faucibus orci luctus et ultrices posuere",94,1,5
95,"Garrison","Nullam Nisl Company",1,"2016-05-30","2014-12-12","sed, facilisis vitae, orci. Phasellus dapibus quam quis diam.",95,1,4
96,"Deacon","Penatibus Limited",9,"2015-09-03","2015-09-01","nisi. Aenean eget metus. In nec orci. Donec",96,2,3
97,"Chase","Lectus LLC",9,"2016-07-14","2014-11-17","orci, adipiscing non, luctus",97,1,3
98,"Byron","Tempus Scelerisque Institute",10,"2016-01-20","2016-03-15","vitae odio sagittis",98,1,2
99,"Beck","Fusce Limited",2,"2015-06-14","2016-02-10","iaculis quis, pede. Praesent eu dui. Cum sociis natoque penatibus",99,1,2
100,"Thane","Nam Interdum Enim Inc.",4,"2016-03-08","2015-12-02","Quisque tincidunt pede ac urna. Ut tincidunt vehicula risus.",100,1,5
