id,version,name,description
1,2012,hsc-syllabus,"P.O. Box 414, 9257 Varius Av."
2,2010,ssc-syllabus,597-7511 Pellentesque Av.
3,2009,ssc-syllabus,7310 Praesent Road
4,2010,hsc-syllabus,"P.O. Box 184, 215 Enim. Street"
5,2009,hsc-syllabus,"223-5948 Dolor, Ave"
6,2009,hsc-syllabus,Ap #392-5386 Tellus St.
7,2011,ssc-syllabus,4499 Mi Avenue
8,2007,ssc-syllabus,"9189 A, Av."
9,2012,hsc-syllabus,590-5895 Vivamus Ave
10,2013,hsc-syllabus,637 Iaculis Rd.
11,2010,ssc-syllabus,828-7452 Eget St.
12,2012,hsc-syllabus,"P.O. Box 505, 8757 Velit. Av."
13,2013,ssc-syllabus,"P.O. Box 353, 9832 Ultrices, St."
14,2013,ssc-syllabus,Ap #574-2621 Nisi. Rd.
15,2010,hsc-syllabus,Ap #137-6287 Urna Street
16,2011,hsc-syllabus,"P.O. Box 466, 2712 A Avenue"
17,2007,hsc-syllabus,3209 Ligula Street
18,2007,hsc-syllabus,902-3720 In Street
