"id","name","name_english","father","mother","present_address","permanent_address","gender","dob","zip_code","registration_certificate_subject","registration_exam_year","registration_cetificate_no","index_no","bank_name","bank_branch","bank_account_no","designation","subject","monthly_salary_govt_provided","monthly_salary_institute_provided","gb_resolution_receive_date","gb_resolution_agenda_no","circular_paper_name","circular_published_date","recruit_approve_gbresolution_date","recruit_permit_agenda_no","recruitment_date","present_institute_join_date","present_post_join_date","dg_representative_name","dg_representative_designation","dg_representative_address","board_representative_name","board_representative_designation","board_representative_address","salary_code","manager_id","institute_id","user_id","salary_scale","recruit_exam_receive_date","time_scale_gbresolution_date","total_job_duration","current_position_job_duration","circular_paper_name","category"
1,Neil,Amos,Arden,Cecilia,"P.O. Box 196, 1122 Ullamcorper. Rd.","P.O. Box 199, 8636 Et, Avenue",Male,2016-10-29,15553-311,"facilisis. Suspendisse commodo tincidunt nibh. Phasellus nulla. Integer vulputate, risus",4,AEE0FF0B-0F5B-AF1F-3CA8-261677A9169E,41220,Chami,"Media Relations",VG7966741250590687967054,"Human Resources","lacus, varius et, euismod et, commodo at, libero. Morbi accumsan",866,38189,2016-01-25,61618,"sollicitudin a, malesuada id, erat. Etiam","2015-06-08 ",2016-02-07,82289,2016-06-12,2016-03-08,2016-09-29,Minerva,Flynn,"7828 Aliquam Av.",Cecilia,Ramirez,"Ap #662-9775 Montes, Avenue","N4P 5W7",3,2,1,"N4P 5W7",2016-09-29,2016-09-29,3,3,Cecilia,Teacher
2,Cairo,Armand,Troy,Willa,"8703 Molestie Street","544-5230 Sollicitudin St.",Female,2015-09-11,"C4N 5A8","Registration certificate subject1",8,48D8EEF8-D1C7-8749-E138-F268F774A6FE,48625,"Apple Systems","Customer Relations",MU7187357547763406709327228913,Payroll,"fames ac turpis egestas. Aliquam fringilla cursus purus. Nullam scelerisque",3129,97586,2015-04-21,61357,"diam. Duis mi","2016-09-17 ",2016-07-07,25387,2016-06-03,2015-09-15,2016-10-18,Ima,Micah,"606-3391 Feugiat. Rd.",Nissim,Carlson,"Ap #254-5948 Morbi Rd.","P2S 0V2",3,1,2,"P2S 0V2",2016-10-18,2016-10-18,3,3,Nissim,Teacher
3,Charles,Xavier,Clayton,Piper,"4220 Faucibus St.","P.O. Box 500, 4496 Eget Av.",Male,2015-11-03,"T35 1VV","feugiat non, lobortis quis, pede. Suspendisse dui. Fusce diam nunc,",5,6A5D9863-9113-E889-170E-325083D0ACB4,48756,Yahoo,"Customer Relations",HR2896785582463185029,"Legal Department","blandit. Nam nulla magna, malesuada vel, convallis in, cursus et,",70232,78621,2015-08-18,71063,"velit. Aliquam","2015-01-07 ",2015-09-02,14631,2016-05-17,2016-10-27,2015-07-11,Adam,Wesley,"Ap #240-5387 Semper St.",Kenneth,Buchanan,"Ap #340-2102 Aliquet. Av.","C4B 1J8",2,1,3,"C4B 1J8",2015-07-11,2015-07-11,2,2,Kenneth,Teacher
4,Finn,Porter,Driscoll,Daria,"4001 Eu Rd.","9346 Dui. Rd.",Female,2015-08-17,526119,"tristique senectus et netus et malesuada fames ac turpis egestas.",3,EC33411A-B0A3-1D0E-E0D6-6614D5079FB7,47612,Cakewalk,Finances,LI1237372092990402272,Accounting,"mollis nec, cursus a, enim. Suspendisse aliquet, sem ut cursus",93754,84701,2016-02-22,22337,"Nulla interdum. Curabitur dictum. Phasellus","2015-11-17 ",2015-01-18,42270,2015-08-16,2015-06-18,2016-07-14,Rowan,Allen,"P.O. Box 396, 1813 Velit St.",Reuben,Walker,"113-5007 At, Av.","U0X 5L1",2,1,4,"U0X 5L1",2016-07-14,2016-07-14,2,2,Reuben,Teacher
5,Keith,Ignatius,Uriel,Ruth,"211-6871 Dictum St.","Ap #363-7843 Tincidunt, St.",Male,2015-05-27,27214-566,"et libero. Proin mi. Aliquam gravida mauris ut mi. Duis",10,4BF80920-2C6D-3332-3619-DF161A16961C,52597,Google,"Quality Assurance",LV07EMKB1399087802958,"Tech Support","nec urna et arcu imperdiet ullamcorper. Duis at lacus. Quisque",99066,3782,2016-01-11,22505,"dolor sit amet, consectetuer adipiscing","2015-10-03 ",2014-11-15,34117,2016-03-04,2015-02-06,2016-05-08,Blaze,Hakeem,"720-3547 Sed Road",Adam,Wilson,"Ap #686-1053 Nec Rd.","P1F 4Z5",5,1,5,"P1F 4Z5",2016-05-08,2016-05-08,5,5,Adam,Teacher
6,Ferdinand,Jerome,Elmo,Xaviera,"667-2516 Aliquet St.","126-5045 Tempus Road",Male,2016-07-24,75920,"ut, sem. Nulla interdum. Curabitur dictum. Phasellus in felis. Nulla",9,0EF04380-793C-5C1F-8E96-D306B0CC2AA2,27474,Microsoft,"Media Relations",SK6138650783794073696394,"Legal Department","et risus. Quisque libero lacus, varius et, euismod et, commodo",3567,49973,2015-09-12,55569,est,"2015-11-09 ",2015-05-10,30798,2016-11-02,2015-09-22,2016-09-24,Axel,Kennedy,"P.O. Box 818, 9720 Semper Road",Indira,Stanton,"P.O. Box 390, 3090 Metus. Ave","L6G 2E8",2,1,6,"L6G 2E8",2016-09-24,2016-09-24,2,2,Indira,Teacher
7,Xenos,Ryan,Wing,Veda,"P.O. Box 934, 629 Vulputate, Rd.","8627 Sit Road",Male,2016-06-20,7735,"mauris id sapien. Cras dolor dolor, tempus non, lacinia at,",7,78AD2993-5F17-738E-5E50-1D3828948979,28278,Google,"Customer Relations",SM3499559254044720216578208,"Sales and Marketing","Etiam laoreet, libero et tristique pellentesque, tellus sem mollis dui,",16358,36242,2015-08-03,3906,"Nullam enim.","2015-03-24 ",2015-10-12,63466,2015-06-15,2015-03-27,2015-03-06,Lester,Hall,"2560 Penatibus Street",Oscar,Parrish,"REPRESENTATIVE TYPE address","U2P 7J1",2,2,7,"U2P 7J1",2015-03-06,2015-03-06,2,2,Oscar,Teacher
8,Len,James,Quamar,Aurora,"175-1183 Dolor Street","548-6296 Posuere, St.",Female,2015-11-09,651715,"Aliquam nec enim. Nunc ut erat. Sed nunc est, mollis",4,83526477-DA18-1591-A158-A17ABCF8952F,53598,Cakewalk,"Quality Assurance",EE695315500304487390,"Quality Assurance","eu lacus. Quisque imperdiet, erat nonummy ultricies ornare, elit elit",87616,96342,2015-07-11,68713,"sit amet orci. Ut","2016-08-18 ",2015-06-18,13007,2015-02-01,2015-08-17,2015-08-04,Keaton,Abbot,"Ap #136-726 Neque. Avenue",Quynn,Dyer,"8909 Morbi Ave","J6U 5S3",2,1,8,"J6U 5S3",2015-08-04,2015-08-04,2,2,Quynn,Teacher
9,Fulton,Lucian,Ryder,Genevieve,"8445 Ac Av.","803-2261 Nostra, Rd.",Female,2015-02-27,94790,"auctor ullamcorper, nisl arcu iaculis enim, sit amet ornare lectus",9,7C5EB405-50F0-26DD-9123-C84BC0CB1081,70214,Lycos,Advertising,SM7329447298969368439464177,"Media Relations","vitae velit egestas lacinia. Sed congue, elit sed consequat auctor,",66081,57699,2016-06-20,18818,"Ut tincidunt vehicula risus. Nulla","2014-12-02 ",2016-02-10,92396,2016-04-06,2015-10-26,2016-08-28,Janna,Aladdin,"6486 At, Road",Bianca,Palmer,"P.O. Box 571, 7984 Egestas. Avenue","W0C 9K6",4,1,9,"W0C 9K6",2016-08-28,2016-08-28,4,4,Bianca,Teacher
10,Aladdin,Harding,Owen,Quail,"814-8375 Fringilla. St.","P.O. Box 547, 3435 Arcu. Av.",Female,2016-06-09,60-614,"auctor quis, tristique ac, eleifend vitae, erat. Vivamus nisi. Mauris",8,A8AC5BB1-64EA-8790-5980-705AA7DC548F,34130,Cakewalk,"Research and Development",LV97JLQF1846245943002,"Quality Assurance","rutrum lorem ac risus. Morbi metus. Vivamus euismod urna. Nullam",60189,24759,2015-06-15,7577,"dui. Suspendisse ac metus vitae","2015-02-21 ",2015-05-03,74294,2015-01-27,2016-03-12,2015-11-05,Mufutau,Holmes,"8810 Nunc Av.",Cherokee,James,"4868 Convallis Rd.","M4I 2Y0",4,2,10,"M4I 2Y0",2015-11-05,2015-11-05,4,4,Cherokee,Teacher
11,Rahim,Quentin,Baker,Flavia,"P.O. Box 362, 2937 Ridiculus St.","Ap #577-7111 At Rd.",Male,2015-08-21,14388,"ac nulla. In tincidunt congue turpis. In condimentum. Donec at",8,D853579A-A3D1-6A28-2462-B0176B52946B,89203,Macromedia,"Asset Management",IL113731951574427945581,Accounting,"mi. Aliquam gravida mauris ut mi. Duis risus odio, auctor",61040,14220,2015-09-19,65774,netus,"2016-06-11 ",2015-09-28,50545,2016-06-07,2016-02-18,2016-05-15,Carissa,Felix,"Ap #114-7860 Interdum. Rd.",Bruno,Nguyen,"3417 Nisi. Road","R4E 5M6",3,2,11,"R4E 5M6",2016-05-15,2016-05-15,3,3,Bruno,Teacher
12,Leo,Thor,Preston,Adena,"839-398 Sed Rd.","Ap #717-8878 Ligula Road",Female,2015-02-26,5184FE,"mattis. Integer eu lacus. Quisque imperdiet, erat nonummy ultricies ornare,",5,56CF27C5-DB22-A1AC-7456-6C1113C9D906,47575,Google,"Customer Service",GI90RPDD744919637502858,"Customer Relations","parturient montes, nascetur ridiculus mus. Donec dignissim magna a tortor.",65743,15280,2016-08-22,24791,"In ornare sagittis felis. Donec tempor, est ac mattis","2016-04-16 ",2016-09-13,50942,2015-06-13,2016-03-05,2016-11-04,Aquila,Wade,"5219 Ipsum Rd.",Natalie,Lester,"423-4155 Libero Ave","K9Y 2T2",3,2,12,"K9Y 2T2",2016-11-04,2016-11-04,3,3,Natalie,Teacher
13,Wang,Clarke,Judah,Althea,"809-9588 Primis Rd.","Ap #710-9647 In, Avenue",Male,2016-06-15,23-990,"velit. Quisque varius. Nam porttitor scelerisque neque. Nullam nisl. Maecenas",6,8CBA97B4-DE34-55B3-6079-DF86F540263A,93105,Yahoo,"Customer Service",LT373670870396777957,"Customer Service","consectetuer rhoncus. Nullam velit dui, semper et, lacinia vitae, sodales",2952,52368,2015-10-04,30155,"enim, gravida sit amet, dapibus id, blandit at, nisi.","2015-05-01 ",2014-11-12,75519,2014-12-20,2015-08-17,2016-06-22,Odessa,Xanthus,"P.O. Box 697, 8742 Pede, Ave",Grady,Sanchez,"P.O. Box 969, 5011 Fermentum Av.","D1A 8N7",6,2,13,"D1A 8N7",2016-06-22,2016-06-22,6,6,Grady,Teacher
14,Yoshio,James,Colt,Linda,"P.O. Box 739, 4491 Tristique Rd.","491-8541 Porttitor Street",Male,2015-01-11,48782,"id risus quis diam luctus lobortis. Class aptent taciti sociosqu",3,B4ABDDED-EE9B-A5DB-89A0-DE69B444D2C3,57456,Altavista,"Legal Department",DO16521939710840506714055599,"Media Relations","est, congue a, aliquet vel, vulputate eu, odio. Phasellus at",83079,58154,2015-11-05,5358,"fringilla ornare placerat, orci lacus","2016-02-05 ",2016-07-02,83852,2016-08-12,2015-11-28,2016-01-25,Regan,Duncan,"Ap #374-8136 Ac St.",MacKenzie,Burks,"P.O. Box 927, 6279 Neque Av.","M8V 9R1",3,1,14,"M8V 9R1",2016-01-25,2016-01-25,3,3,MacKenzie,Teacher
15,Elliott,Reuben,Wesley,Kaitlin,"3729 Dictum Avenue","338-1239 Lacus Street",Female,2015-02-14,5699,"augue scelerisque mollis. Phasellus libero mauris, aliquam eu, accumsan sed,",7,05735362-C18B-67EE-BC3A-6DF5F7D4818C,59251,Adobe,"Customer Service",IS520884110008011162314444,Accounting,"bibendum ullamcorper. Duis cursus, diam at pretium aliquet, metus urna",65107,37986,2015-12-27,87375,"Proin non massa non ante bibendum ullamcorper. Duis cursus,","2015-02-07 ",2016-07-24,16710,2015-02-07,2015-04-04,2016-09-28,Bert,Tad,"P.O. Box 363, 6626 Mauris Av.",Mia,Barnett,"P.O. Box 649, 1374 Morbi Street","R1E 3Z1",3,1,15,"R1E 3Z1",2016-09-28,2016-09-28,3,3,Mia,Teacher
16,Tate,Kermit,Zane,Megan,"P.O. Box 828, 2077 Orci. Street","1618 Integer Street",Female,2015-12-31,71237,"eros non enim commodo hendrerit. Donec porttitor tellus non magna.",1,8EF87E9C-5838-E1B1-2E86-03A2D91CF48E,29003,Sibelius,"Research and Development",AT927751277692002735,"Research and Development","Curae; Donec tincidunt. Donec vitae erat vel pede blandit congue.",75338,67338,2015-03-01,84287,"nec metus facilisis lorem tristique",2015-06-26,2015-04-17,32842,2016-03-15,2016-10-15,2015-07-06,Kibo,Lionel,"Ap #462-7369 Gravida Rd.",Abel,Brady,"P.O. Box 312, 8778 Nullam Road","H1D 6H1",3,2,16,"H1D 6H1",2015-07-06,2015-07-06,3,3,Abel,Teacher
17,Boris,Harlan,Leo,Cassandra,"Ap #426-8864 Nam Rd.","531-7731 Aliquet, Avenue",Male,2016-08-12,1017,"tincidunt adipiscing. Mauris molestie pharetra nibh. Aliquam ornare, libero at",5,2DA10692-6A6F-D8F3-E983-FBC4AC5A4B08,21257,Altavista,"Human Resources",DO31944867336753945411117552,"Tech Support","cursus vestibulum. Mauris magna. Duis dignissim tempor arcu. Vestibulum ut",18984,67615,2015-10-02,38266,"risus. Donec egestas. Aliquam nec enim.","2015-12-10 ",2015-05-31,5972,2015-08-30,2016-03-16,2015-02-13,Savannah,Amos,"738-1538 A, Rd.",Ray,Brooks,"P.O. Box 886, 5500 Vestibulum Street","O3O 4J5",5,1,17,"O3O 4J5",2015-02-13,2015-02-13,5,5,Ray,Teacher
18,Norman,Nissim,Mufutau,Yen,"969 Aliquet Road","Ap #530-7504 Facilisis Rd.",Female,2015-11-10,9906,"dignissim lacus. Aliquam rutrum lorem ac risus. Morbi metus. Vivamus",7,F7A176D1-48DE-4324-56C7-89E07446C318,28301,Lavasoft,Advertising,LT408910787698777224,"Quality Assurance","nec, leo. Morbi neque tellus, imperdiet non, vestibulum nec, euismod",95569,93411,2015-01-21,22996,"Morbi vehicula. Pellentesque",2015-07-09,2016-04-21,33654,2016-02-03,2016-01-07,2015-10-16,Jasmine,Raja,"Ap #841-4156 Phasellus St.",Grady,Mcdowell,"559-3283 Et, Av.","A2R 0D0",5,1,18,"A2R 0D0",2015-10-16,2015-10-16,5,5,Grady,Teacher
19,Darius,Moses,Russell,Hayley,"355-4366 Eu Rd.","412-7207 Tristique Ave",Female,2016-07-16,"J6B 6B5","aliquet, sem ut cursus luctus, ipsum leo elementum sem, vitae",3,21F734AD-FF71-4783-F5ED-6830BA984C28,43189,Google,"Legal Department",IL122922097282667894838,Finances,"ultrices a, auctor non, feugiat nec, diam. Duis mi enim,",48799,79011,2014-11-19,49006,"Duis ac arcu. Nunc mauris. Morbi non","2015-08-07 ",2016-05-29,95336,2016-05-26,2015-06-11,2015-10-30,Evelyn,Oren,"P.O. Box 317, 6583 A, Avenue",Gwendolyn,Black,"9404 Nunc Ave","J0S 1S7",4,2,19,"J0S 1S7",2015-10-30,2015-10-30,4,4,Gwendolyn,Teacher
20,Lamar,Len,Noble,Anne,"778 Leo. Av.","Ap #534-7944 Mauris. Ave",Female,2016-01-08,129276,"a, scelerisque sed, sapien. Nunc pulvinar arcu et pede. Nunc",1,C2BACDA6-CB6D-EC2A-6143-80EB06312E2B,80280,Borland,Payroll,KZ724597766200646135,"Legal Department","adipiscing fringilla, porttitor vulputate, posuere vulputate, lacus. Cras interdum. Nunc",90471,94218,2015-07-25,94386,"risus odio, auctor vitae, aliquet nec, imperdiet","2015-12-15 ",2016-03-03,61642,2016-05-24,2016-10-13,2015-09-16,Dorothy,Len,"387-1570 Mauris Street",Blake,Perry,"1891 Blandit Av.","X0F 0M8",3,1,20,"X0F 0M8",2015-09-16,2015-09-16,3,3,Blake,Teacher
21,Dean,Edan,Ralph,Ulla,"920-8406 Non, Rd.","Ap #773-6635 Egestas Street",Male,2016-05-31,65564,"vitae semper egestas, urna justo faucibus lectus, a sollicitudin orci",8,BFBDE3D7-5368-941C-42D3-DD1539B1A6BA,52746,Lavasoft,"Customer Relations",AD0217739550023405425650,"Human Resources","vehicula. Pellentesque tincidunt tempus risus. Donec egestas. Duis ac arcu.",7633,29068,2015-04-16,83642,"nec, imperdiet nec, leo. Morbi neque tellus, imperdiet non, vestibulum","2016-01-16 ",2016-10-26,59526,2015-06-09,2016-10-01,2016-08-08,Tara,Gray,"P.O. Box 184, 6696 Ut Rd.",Xena,Moreno,"432-7994 Ligula Ave","Z4C 0J8",3,2,21,"Z4C 0J8",2016-08-08,2016-08-08,3,3,Xena,Teacher
22,Xander,Thor,Nolan,Juliet,"377-1339 Dolor. Road","421-120 Sagittis Street",Male,2015-06-14,41117-095,"augue porttitor interdum. Sed auctor odio a purus. Duis elementum,",6,F7ABDDD6-4BAA-AB07-43E4-2AA3657EFEE4,92480,Yahoo,"Tech Support",LT189752664664098189,"Human Resources","fringilla purus mauris a nunc. In at pede. Cras vulputate",54925,53911,2015-05-11,72961,"fermentum metus. Aenean sed pede nec",2016-08-19,2015-09-22,52181,2016-08-01,2016-01-06,2015-07-05,Whitney,Melvin,"690 Non Av.",Keefe,Wilkins,"8886 Sem Street","E6P 8V1",2,2,22,"E6P 8V1",2015-07-05,2015-07-05,2,2,Keefe,Teacher
23,Dale,Griffin,Kelly,Macey,"305-8129 Egestas. Road","P.O. Box 283, 7040 Non, St.",Male,2014-11-09,98352-929,"nunc id enim. Curabitur massa. Vestibulum accumsan neque et nunc.",9,5A4FCA44-F803-C2EE-80FC-80C40781753E,74502,Yahoo,Advertising,SE4422034370261390155466,"Customer Service","natoque penatibus et magnis dis parturient montes, nascetur ridiculus mus.",40432,44855,2015-07-09,31805,"Phasellus in felis. Nulla tempor augue ac ipsum. Phasellus","2015-03-10 ",2015-05-28,87104,2015-06-29,2014-12-12,2016-05-06,Lisandra,Samuel,"Ap #556-9463 Quisque Ave",Benedict,Dillard,"3858 Tristique Ave","Y7A 5F4",2,1,23,"Y7A 5F4",2016-05-06,2016-05-06,2,2,Benedict,Teacher
24,Aaron,Uriah,Kane,Jaden,"4623 Lorem Avenue","1769 Arcu Street",Female,2015-03-17,"LP86 1PJ","a purus. Duis elementum, dui quis accumsan convallis, ante lectus",6,31678397-E7A7-D427-E7F1-5E95D9805E61,43365,Borland,"Quality Assurance",GE83526987675758956895,Accounting,"gravida mauris ut mi. Duis risus odio, auctor vitae, aliquet",33734,26050,2016-09-19,40099,"mattis. Cras","2016-04-23 ",2015-07-31,21260,2016-05-27,2016-07-05,2016-04-23,Herrod,Uriel,"P.O. Box 794, 8663 Aliquam St.",Adrian,Pruitt,"P.O. Box 685, 3236 Tincidunt St.","H4P 8D6",5,1,24,"H4P 8D6",2016-04-23,2016-04-23,5,5,Adrian,Teacher
25,Ezekiel,Keefe,Adrian,Olympia,"P.O. Box 190, 6562 Molestie Rd.","Ap #664-8906 Purus. Rd.",Male,2015-03-12,121884,"nibh sit amet orci. Ut sagittis lobortis mauris. Suspendisse aliquet",3,BE57538F-CE71-8A97-DA16-8E53960E6DB1,23833,Lavasoft,"Quality Assurance",FR5421229921607764469308890,"Public Relations","fermentum convallis ligula. Donec luctus aliquet odio. Etiam ligula tortor,",15788,87793,2014-11-08,65660,"Curabitur egestas nunc sed libero. Proin sed","2015-07-16 ",2014-11-25,47974,2016-07-29,2015-07-25,2016-04-01,Shelley,Eric,"1288 Mattis Ave",Kaye,Valencia,"Ap #188-6450 Sed Ave","B5B 7R9",2,1,25,"B5B 7R9",2016-04-01,2016-04-01,2,2,Kaye,Teacher
26,Ulric,Raymond,Kenneth,Wanda,"P.O. Box 199, 9156 Nec Rd.","P.O. Box 666, 9160 Nec, St.",Male,2016-10-15,883642,"lacinia at, iaculis quis, pede. Praesent eu dui. Cum sociis",7,18F41268-6483-FE73-F52D-D0876227C233,74791,"Apple Systems","Asset Management",LB44591805512348522058276592,Payroll,"mi pede, nonummy ut, molestie in, tempus eu, ligula. Aenean",56163,85377,2016-10-02,72282,"sem ut","2016-05-30 ",2015-08-26,83208,2016-01-20,2015-10-28,2016-02-02,Kiayada,Cedric,"305-9314 Lacinia Rd.",Ignacia,Arnold,"3209 Auctor Rd.","T7D 7B4",2,1,26,"T7D 7B4",2016-02-02,2016-02-02,2,2,Ignacia,Teacher
27,Jermaine,Tad,Gabriel,Reagan,"9043 Orci Ave","P.O. Box 896, 5426 Condimentum. Rd.",Female,2016-01-05,"Y8H 6P5","egestas. Aliquam nec enim. Nunc ut erat. Sed nunc est,",9,876FAD4E-FB17-1E23-7887-E1733F877552,40900,Macromedia,"Quality Assurance",VG1869784485703502025996,Advertising,"vestibulum, neque sed dictum eleifend, nunc risus varius orci, in",25276,77063,2016-04-05,95518,"in consectetuer ipsum nunc id enim. Curabitur massa. Vestibulum","2015-02-19 ",2016-03-03,28823,2015-12-28,2015-01-29,2016-02-03,Lucy,Emmanuel,"374 Quis, Road",Tatiana,Pennington,"Ap #431-419 Arcu. Rd.","R4Z 2O0",2,1,27,"R4Z 2O0",2016-02-03,2016-02-03,2,2,Tatiana,Teacher
28,Mohammad,Howard,Kasper,Shafira,"5905 Sit Street","P.O. Box 447, 5763 Orci, Street",Male,2015-09-05,18717,"enim consequat purus. Maecenas libero est, congue a, aliquet vel,",2,81B4C7E2-8F9E-2935-C5E1-DD705587AF38,7624,Adobe,"Legal Department",GB08WVFS22076472476860,"Public Relations","non, hendrerit id, ante. Nunc mauris sapien, cursus in, hendrerit",46033,4974,2016-06-06,42928,"et libero. Proin mi. Aliquam gravida mauris ut","2016-10-08 ",2015-08-30,38456,2016-07-29,2016-01-10,2015-10-18,Walker,Isaiah,"P.O. Box 690, 3306 Ipsum. Road",Upton,Delgado,"P.O. Box 208, 8793 Erat Ave","G6W 0F0",4,2,28,"G6W 0F0",2015-10-18,2015-10-18,4,4,Upton,Teacher
29,Tucker,Armando,Myles,Signe,"313-4396 Vel, Ave","820-8458 Ornare, Rd.",Female,2015-09-16,51802,"Praesent eu dui. Cum sociis natoque penatibus et magnis dis",3,F36FC72E-7CC0-149E-DBBE-2F4BC97CCBAB,11930,"Apple Systems","Tech Support",NO3347821118465,"Research and Development","iaculis enim, sit amet ornare lectus justo eu arcu. Morbi",36555,27881,2015-10-02,73720,"viverra. Maecenas iaculis aliquet diam. Sed diam","2015-01-01 ",2015-09-12,72900,2015-02-07,2016-01-06,2015-08-23,Jael,Dillon,"638-9579 Ligula. Rd.",Blaine,Anthony,"7179 Auctor Avenue","X8O 0U1",4,1,29,"X8O 0U1",2015-08-23,2015-08-23,4,4,Blaine,Staff
30,Derek,Beau,Nicholas,Meredith,"194-9038 At Avenue","P.O. Box 623, 1598 Mauris Rd.",Male,2014-12-07,20015,"auctor, velit eget laoreet posuere, enim nisl elementum purus, accumsan",8,AC5E6E06-CAA7-A14F-E8F6-A3F2566301AD,46657,Finale,"Media Relations",AZ17084125182776856512135606,"Asset Management","ultrices iaculis odio. Nam interdum enim non nisi. Aenean eget",3261,96977,2015-09-07,89026,"sociis natoque penatibus et magnis dis parturient montes,","2014-11-26 ",2016-05-05,90901,2015-03-11,2015-06-19,2015-06-13,Alea,Lev,"968-7794 Facilisis. Av.",Dean,Hale,"Ap #840-8139 Elit, Av.","Z7M 7U6",3,2,30,"Z7M 7U6",2015-06-13,2015-06-13,3,3,Dean,Staff
31,Tucker,Hamish,Baxter,Naida,"4926 Magnis Road","644-646 Molestie. Avenue",Male,2016-09-21,7806,"varius orci, in consequat enim diam vel arcu. Curabitur ut",1,B6F8007F-5CED-C8C8-1CF6-6C941050FC43,46797,Microsoft,"Customer Relations",GI04VAJL382239931717183,Advertising,"in, cursus et, eros. Proin ultrices. Duis volutpat nunc sit",14293,95105,2016-05-05,51171,"massa. Suspendisse eleifend. Cras sed leo.","2015-04-06 ",2016-10-13,52957,2015-11-26,2015-10-09,2015-04-21,Amos,Silas,"P.O. Box 999, 8547 Facilisis, Av.",Amal,Bradshaw,"6015 Blandit St.","O0G 0N4",3,2,31,"O0G 0N4",2015-04-21,2015-04-21,3,3,Amal,Staff
32,Jerry,Camden,Grady,Shelby,"421-8346 In, Av.","289-1101 Sed Avenue",Female,2016-02-02,87634,"dictum ultricies ligula. Nullam enim. Sed nulla ante, iaculis nec,",6,6B815E6F-1D8F-D742-6D62-BB1B4061FB87,93929,Borland,"Quality Assurance",AZ92133531468737231496606905,Advertising,"nec tempus scelerisque, lorem ipsum sodales purus, in molestie tortor",65058,59763,2015-06-22,28053,"feugiat tellus lorem eu metus.","2016-10-14 ",2016-01-13,35130,2016-05-10,2015-01-06,2015-06-10,Cairo,Samuel,"Ap #268-5985 Mus. Rd.",Plato,Huffman,"P.O. Box 632, 2608 Non St.","O7W 9O7",6,2,32,"O7W 9O7",2015-06-10,2015-06-10,6,6,Plato,Staff
33,Kasper,Ashton,Mohammad,Freya,"501-7778 Sodales St.","Ap #936-1214 Mauris Av.",Male,2015-10-05,82367-218,"enim mi tempor lorem, eget mollis lectus pede et risus.",8,06813F67-A32B-995C-9AF7-4853BC343C0D,71203,Cakewalk,"Human Resources",HU07150279951667503924841226,"Research and Development","risus. Donec egestas. Aliquam nec enim. Nunc ut erat. Sed",63162,29315,2015-02-25,36287,"sed sem egestas blandit. Nam nulla magna, malesuada","2015-10-11 ",2016-08-05,56425,2015-03-09,2016-01-16,2015-07-25,Rebecca,Coby,"Ap #251-8512 Enim. Rd.",TaShya,Holder,"Ap #609-512 Dolor Avenue","Z6U 2K6",3,2,33,"Z6U 2K6",2015-07-25,2015-07-25,3,3,TaShya,Staff
34,Kirk,Bradley,Daquan,Doris,"1369 Odio Street","3809 Non St.",Female,2015-01-29,47632-581,"convallis dolor. Quisque tincidunt pede ac urna. Ut tincidunt vehicula",5,E90395F2-4221-3775-BBFC-452134E4EA8A,56009,Altavista,Payroll,LI4316969025484409313,"Public Relations","pede et risus. Quisque libero lacus, varius et, euismod et,",20635,25385,2015-07-08,53915,"Nulla tincidunt, neque vitae semper","2015-02-15 ",2016-10-31,55987,2015-10-12,2015-05-21,2015-04-29,Justine,Julian,"Ap #385-3440 Enim, St.",Imelda,Flowers,"Ap #876-7796 Facilisis Ave","P2N 1L8",3,2,34,"P2N 1L8",2015-04-29,2015-04-29,3,3,Imelda,Staff
35,Octavius,Andrew,Murphy,Meghan,"Ap #989-4709 Dui. Ave","Ap #785-2755 Consequat St.",Male,2016-04-15,952337,"quis accumsan convallis, ante lectus convallis est, vitae sodales nisi",1,A2F109BA-AE72-8917-EFC6-9F6CF57D0C08,73679,Adobe,"Customer Service",BE47014208188228,Advertising,"ac turpis egestas. Aliquam fringilla cursus purus. Nullam scelerisque neque",26905,54646,2015-05-12,95619,auctor,"2016-01-16 ",2015-03-25,20990,2015-05-16,2015-01-12,2015-05-31,Amethyst,Marsden,"6904 Cras Av.",Darius,Galloway,"4028 Luctus. Rd.","J9L 3Y6",3,1,35,"J9L 3Y6",2015-05-31,2015-05-31,3,3,Darius,Staff
36,Palmer,Zeus,Byron,Chiquita,"431-9090 Luctus Road","244 Nec Ave",Female,2015-09-21,60804,"dictum sapien. Aenean massa. Integer vitae nibh. Donec est mauris,",7,70D86F0F-9C19-143D-BE7F-391F093059D6,13035,Yahoo,Payroll,NL94WMTD4988847415,"Research and Development","Nullam velit dui, semper et, lacinia vitae, sodales at, velit.",44823,30217,2014-11-21,45566,"eros nec tellus. Nunc","2015-03-09 ",2015-09-04,81650,2015-11-30,2014-12-06,2014-12-06,Nora,Callum,"4559 Vel Avenue",Dean,Rivera,"Ap #156-9432 Quisque Ave","Q8L 6I5",5,1,36,"Q8L 6I5",2014-12-06,2014-12-06,5,5,Dean,Staff
37,Yoshio,Macaulay,Erich,Charlotte,"293-9385 Penatibus Street","Ap #703-3331 Nonummy Av.",Male,2015-12-31,542783,"ante ipsum primis in faucibus orci luctus et ultrices posuere",6,3A0F7E72-CA03-714A-7ED1-504A4AF8113D,33104,Borland,"Quality Assurance",AZ54497440741521713357223134,"Quality Assurance","ligula. Aenean euismod mauris eu elit. Nulla facilisi. Sed neque.",11880,35133,2014-12-08,32768,"tincidunt, neque vitae","2015-05-02 ",2015-01-28,50148,2016-07-02,2015-03-26,2015-08-23,Kelly,Leroy,"Ap #998-1197 Elit, Rd.",Amanda,Snow,"7593 Est, Ave","S1N 4X0",5,2,37,"S1N 4X0",2015-08-23,2015-08-23,5,5,Amanda,Staff
38,Barclay,Noble,Clarke,Iliana,"P.O. Box 989, 4182 Mauris, Rd.","7607 Mauris Rd.",Male,2015-10-04,63460,"sem elit, pharetra ut, pharetra sed, hendrerit a, arcu. Sed",9,8A6A94EC-E4C3-2304-DFFA-E11F85EF9ADF,62375,Google,"Asset Management",DE46361854456214606353,"Tech Support","varius ultrices, mauris ipsum porta elit, a feugiat tellus lorem",33412,12541,2014-11-23,43588,"sodales. Mauris blandit enim consequat purus. Maecenas libero est,","2015-12-11 ",2015-07-21,14352,2015-12-19,2016-07-03,2015-12-18,Kelly,Hyatt,"P.O. Box 781, 9473 Tellus Rd.",Shaine,Waters,"Ap #408-1644 Sit Av.","Z4V 5M7",4,2,38,"Z4V 5M7",2015-12-18,2015-12-18,4,4,Shaine,Staff
39,Ira,Price,Reuben,Justine,"P.O. Box 972, 5239 Et Road","693-8000 Mauris. Avenue",Male,2016-05-21,22904,"montes, nascetur ridiculus mus. Donec dignissim magna a tortor. Nunc",5,3E11EBD6-DCA1-54BB-E41B-BF30A656F6DA,19017,Adobe,"Asset Management",AE926192555459885492928,Advertising,"ullamcorper viverra. Maecenas iaculis aliquet diam. Sed diam lorem, auctor",35998,72012,2015-04-27,92190,"erat volutpat. Nulla facilisis. Suspendisse commodo tincidunt","2015-12-26 ",2015-08-13,48423,2015-02-05,2016-01-24,2016-08-07,Mohammad,Aaron,"P.O. Box 970, 929 Imperdiet Rd.",Fiona,Hall,"4383 Hendrerit. Ave","L2O 7F9",3,2,39,"L2O 7F9",2016-08-07,2016-08-07,3,3,Fiona,Staff
40,Abbot,Craig,Bruce,Jescie,"Ap #620-6540 Lectus Avenue","Ap #319-2845 Sapien. Road",Female,2016-08-25,9714,"in, hendrerit consectetuer, cursus et, magna. Praesent interdum ligula eu",10,CC932B89-21EE-E117-0943-F6DE0E1346C0,86302,Sibelius,Accounting,AD4689449131463095883136,Accounting,"Donec tempor, est ac mattis semper, dui lectus rutrum urna,",15813,45777,2016-03-22,49789,"lacus. Cras interdum.","2015-09-25 ",2016-01-25,51947,2015-08-20,2016-08-26,2016-09-05,Jenna,Lamar,"437-8804 Pede. St.",Chaim,Hodges,"8014 Tristique St.","U8Y 1F2",3,1,40,"U8Y 1F2",2016-09-05,2016-09-05,3,3,Chaim,Staff
41,Kato,Francis,Salvador,Gretchen,"Ap #983-321 Eleifend. Rd.","986-6465 Eu Ave",Male,2016-08-18,56890,"mollis. Integer tincidunt aliquam arcu. Aliquam ultrices iaculis odio. Nam",10,63308321-56DC-A9C4-5170-1C44ACA7BE18,24941,Microsoft,"Customer Service",IE38CUHP15921013514878,"Quality Assurance","nisl. Maecenas malesuada fringilla est. Mauris eu turpis. Nulla aliquet.",49143,64224,2016-02-02,63935,"Sed pharetra, felis eget varius ultrices, mauris","2016-04-20 ",2015-01-01,12411,2016-04-04,2016-07-16,2016-06-06,Charity,Grady,"Ap #546-1874 A Road",Thane,Beck,"P.O. Box 486, 2220 Cum Av.","Y3O 4S4",2,1,41,"Y3O 4S4",2016-06-06,2016-06-06,2,2,Thane,Staff
42,Marsden,Oleg,Mark,Lydia,"Ap #970-3635 Sit Road","592-6153 Hendrerit St.",Male,2016-07-22,920835,"vulputate eu, odio. Phasellus at augue id ante dictum cursus.",2,1294E24C-0AE5-A047-9508-4AA3EA4AF857,82485,Adobe,"Media Relations",ME65088668717512963268,"Media Relations","dictum placerat, augue. Sed molestie. Sed id risus quis diam",68529,7773,2015-02-02,62357,"aptent taciti sociosqu ad litora torquent per conubia","2016-05-30 ",2015-03-03,15501,2016-03-15,2015-04-18,2014-12-18,Charissa,Martin,"P.O. Box 197, 2155 A Avenue",Maggy,Kaufman,"876-4915 Eros. Road","J1V 5C6",2,1,42,"J1V 5C6",2014-12-18,2014-12-18,2,2,Maggy,Staff
43,Justin,Dale,Gannon,Hyacinth,"Ap #671-4591 Nulla Avenue","593-5802 Aliquet. St.",Female,2016-03-07,58-816,"enim. Etiam gravida molestie arcu. Sed eu nibh vulputate mauris",7,858BB6FA-E71C-89E0-A97A-73061D89B2F9,52439,Cakewalk,"Quality Assurance",MK06837872485636233,"Public Relations","Quisque libero lacus, varius et, euismod et, commodo at, libero.",26004,91712,2015-01-09,29390,"morbi tristique","2016-03-31 ",2015-09-30,87060,2016-03-28,2015-09-18,2016-03-27,Ezra,Jelani,"343-1633 Consectetuer Street",Victor,Acevedo,"7984 Vitae, St.","L7I 0Y5",5,2,43,"L7I 0Y5",2016-03-27,2016-03-27,5,5,Victor,Staff
44,Moses,Tobias,Justin,Francesca,"Ap #130-8647 Nonummy Ave","717-9842 Enim, Street",Female,2015-11-22,28714,"Suspendisse aliquet molestie tellus. Aenean egestas hendrerit neque. In ornare",8,F4F39069-EF9C-DEF8-79CB-BEBFD951317D,77348,Altavista,"Customer Service",BG42RHHY81696694958735,"Human Resources","neque. Nullam ut nisi a odio semper cursus. Integer mollis.",46776,14567,2015-03-17,70687,"velit in aliquet lobortis, nisi nibh lacinia orci, consectetuer euismod","2016-06-02 ",2015-09-17,59724,2015-12-28,2015-04-29,2016-07-19,Maxine,Griffith,"P.O. Box 524, 1162 Purus. Av.",Faith,Velasquez,"1320 Et Avenue","X5Z 5B7",2,1,44,"X5Z 5B7",2016-07-19,2016-07-19,2,2,Faith,Staff
45,Quinlan,Clarke,Ethan,Yolanda,"7698 In Avenue","P.O. Box 442, 7166 Quam Road",Male,2015-01-13,5929HW,"id, blandit at, nisi. Cum sociis natoque penatibus et magnis",9,1CCF8E1B-F1B7-096F-A20D-072E132F4A2A,95683,Lavasoft,"Customer Relations",AZ65056089193370851129645766,Finances,"nibh enim, gravida sit amet, dapibus id, blandit at, nisi.",31738,40644,2015-09-17,36504,"ipsum. Curabitur consequat, lectus sit","2016-04-30 ",2015-08-05,40838,2016-03-27,2015-05-17,2016-08-26,September,Maxwell,"P.O. Box 372, 1890 Fringilla, Rd.",Xandra,Mcdaniel,"571-1971 Sit Avenue","M2M 3M6",2,1,45,"M2M 3M6",2016-08-26,2016-08-26,2,2,Xandra,Staff
46,Beau,Nero,Nehru,Hillary,"Ap #636-9360 Mauris St.","5374 Ullamcorper, Ave",Female,2014-11-28,7902,"non, vestibulum nec, euismod in, dolor. Fusce feugiat. Lorem ipsum",5,94567FB5-ACB0-07C3-E7A4-6CB9C02F481F,37090,Lycos,"Research and Development",GT63466884163889200861363740,"Public Relations","nulla ante, iaculis nec, eleifend non, dapibus rutrum, justo. Praesent",31709,35934,2015-07-28,96881,"risus. Morbi metus.","2016-02-23 ",2014-12-13,36966,2015-11-20,2015-12-01,2016-04-01,Rigel,Wylie,"819 Odio. Avenue",Kimberly,Davis,"Ap #264-8951 Nulla. Ave","Q0J 7N8",2,2,46,"Q0J 7N8",2016-04-01,2016-04-01,2,2,Kimberly,Staff
47,Elton,Kenneth,Preston,Helen,"P.O. Box 555, 1458 Dui St.","Ap #985-547 Luctus Street",Male,2016-10-10,3197,"consequat auctor, nunc nulla vulputate dui, nec tempus mauris erat",1,9698F2B9-8B61-C435-3F74-6D6B115DE4DF,25792,Finale,"Media Relations",MU7558695526422200425377136011,"Sales and Marketing","augue scelerisque mollis. Phasellus libero mauris, aliquam eu, accumsan sed,",46790,33009,2015-05-13,5346,"rutrum urna, nec luctus felis","2015-06-29 ",2015-06-29,16452,2015-07-13,2015-12-03,2016-04-28,Travis,Forrest,"138-6041 Quam Street",Aline,Vang,"9059 Sem Rd.","O5I 1C4",4,1,47,"O5I 1C4",2016-04-28,2016-04-28,4,4,Aline,Staff
48,Graham,Samuel,Gary,Kay,"2516 Dictum Av.","4257 Mi Road",Male,2015-03-29,88284-937,"scelerisque mollis. Phasellus libero mauris, aliquam eu, accumsan sed, facilisis",1,1D8D40FF-DD0F-F42E-D5C8-DC714CD366C6,83766,Finale,"Sales and Marketing",KW7126316460578787224751936740,"Media Relations","Donec vitae erat vel pede blandit congue. In scelerisque scelerisque",75446,93656,2016-03-09,195,"a tortor. Nunc commodo","2016-01-03 ",2015-10-28,92250,2015-01-07,2016-08-12,2015-08-28,Hammett,Barclay,"292-9153 Quisque Ave",Whilemina,Downs,"Ap #299-2864 Lacus. Rd.","Q6C 3X7",4,2,48,"Q6C 3X7",2015-08-28,2015-08-28,4,4,Whilemina,Staff
49,Hiram,Nathaniel,Christian,Christine,"8823 Ornare Street","488-1849 Posuere Road",Female,2015-06-18,"M4 2RA","porttitor scelerisque neque. Nullam nisl. Maecenas malesuada fringilla est. Mauris",4,60076E9D-A226-EB74-54B3-6309D7F61CAB,43428,Cakewalk,Finances,BH92123458739724752582,"Customer Service","et tristique pellentesque, tellus sem mollis dui, in sodales elit",30851,81936,2016-04-26,89490,felis.,"2016-04-03 ",2016-09-01,57853,2015-04-17,2015-03-16,2015-02-20,Marsden,Kenneth,"P.O. Box 409, 3602 Mi St.",Griffin,Moon,"Ap #105-8227 Metus Av.","N5V 8F9",3,2,49,"N5V 8F9",2015-02-20,2015-02-20,3,3,Griffin,Staff
50,Asher,Tanner,Elmo,Lilah,"P.O. Box 223, 2059 Penatibus Av.","Ap #777-1361 Scelerisque St.",Female,2016-06-28,67997,"nulla vulputate dui, nec tempus mauris erat eget ipsum. Suspendisse",3,7C7BB5F0-B476-AC3C-C052-5BA98D11F5F4,16444,Altavista,"Human Resources",PK2818211799576990201021,Advertising,"ante. Vivamus non lorem vitae odio sagittis semper. Nam tempor",52417,89222,2015-11-09,19307,"Duis a mi fringilla mi lacinia mattis. Integer eu lacus.","2015-09-17 ",2015-04-19,80468,2015-08-08,2015-03-23,2016-04-07,Raphael,Warren,"9238 Eu Road",Thane,Carr,"930-9763 Accumsan St.","N2O 4H2",3,1,50,"N2O 4H2",2016-04-07,2016-04-07,3,3,Thane,Staff
51,Ethan,Jack,Nash,Jena,"618-2113 Felis. Road","2077 Ligula St.",Female,2016-02-17,3483,"lorem ut aliquam iaculis, lacus pede sagittis augue, eu tempor",2,1D4E0FE1-E2AF-8001-45B3-FF424F524C0C,49864,Sibelius,"Tech Support",ME26872459036865132725,"Customer Service","magna et ipsum cursus vestibulum. Mauris magna. Duis dignissim tempor",84140,79048,2015-08-04,60501,"purus. Duis elementum,","2015-09-07 ",2015-12-23,6040,2016-03-02,2016-06-04,2016-01-12,Denton,Philip,"171-3914 Vel St.",Tanner,Britt,"875-5773 Erat. Ave","B1B 1K9",6,2,51,"B1B 1K9",2016-01-12,2016-01-12,6,6,Tanner,Staff
52,Duncan,Kennedy,Norman,Ruby,"762-1122 Vulputate, Rd.","375-4766 Sem Street",Female,2015-09-06,215735,"dignissim pharetra. Nam ac nulla. In tincidunt congue turpis. In",6,76892DBB-059D-35FC-DC42-81C1A9096364,82984,Lavasoft,Payroll,VG8359583940351774156703,"Legal Department","nascetur ridiculus mus. Aenean eget magna. Suspendisse tristique neque venenatis",62932,47887,2015-03-28,53382,"tellus. Suspendisse sed dolor. Fusce mi lorem, vehicula et, rutrum","2016-06-29 ",2016-03-20,15505,2016-04-04,2015-10-13,2016-07-10,Iris,Rudyard,"P.O. Box 447, 9963 Ut, Avenue",Coby,Alford,"Ap #912-3735 Augue, St.","F4Y 8Q7",3,2,52,"F4Y 8Q7",2016-07-10,2016-07-10,3,3,Coby,Staff
53,Jerry,Maxwell,Basil,MacKenzie,"929 Nisi. Street","313-1459 Nulla. Rd.",Male,2015-05-08,8189,"Aliquam adipiscing lobortis risus. In mi pede, nonummy ut, molestie",5,069BDF7B-2EE2-7B32-C57C-894D74975B2F,14275,Borland,"Quality Assurance",AL89149942904550888731313408,"Sales and Marketing","malesuada fames ac turpis egestas. Fusce aliquet magna a neque.",43164,69150,2015-12-10,85676,"est. Mauris eu turpis. Nulla aliquet. Proin velit. Sed malesuada","2015-07-30 ",2015-10-21,90153,2016-06-12,2014-12-15,2016-02-07,Zeph,Erasmus,"8785 Mollis Rd.",Hanae,Avila,"Ap #263-9309 Posuere Ave","I7Z 5V4",3,1,53,"I7Z 5V4",2016-02-07,2016-02-07,3,3,Hanae,Staff
54,Dane,Solomon,Upton,Lenore,"P.O. Box 163, 7577 Sit Ave","287-1738 Neque. Rd.",Female,2016-10-19,95293,"eu tellus eu augue porttitor interdum. Sed auctor odio a",4,37839946-2AEF-87A8-32EC-DC83060BFB9B,45521,Macromedia,"Sales and Marketing",GT12287891511850135202359766,"Customer Relations","Ut nec urna et arcu imperdiet ullamcorper. Duis at lacus.",14736,36141,2016-03-27,23379,dolor.,"2016-05-28 ",2016-08-18,67215,2016-01-24,2016-09-12,2015-09-13,Imani,Carter,"Ap #622-9275 Lorem, Rd.",Amy,Clay,"271-5989 Adipiscing Ave","W6L 5X3",3,1,54,"W6L 5X3",2015-09-13,2015-09-13,3,3,Amy,Staff
55,Xenos,Kasper,Oleg,Cleo,"P.O. Box 718, 9615 Dis St.","Ap #421-9399 Morbi St.",Male,2015-01-29,03403-455,"quam a felis ullamcorper viverra. Maecenas iaculis aliquet diam. Sed",4,8F2898E9-0A63-0B01-D9ED-AAFA2ECCB555,38820,Lycos,"Quality Assurance",MD2214898974514374217993,"Media Relations","Vivamus non lorem vitae odio sagittis semper. Nam tempor diam",20773,78748,2015-04-17,59665,"magna. Sed eu eros.","2016-09-05 ",2015-10-10,73142,2014-12-30,2016-05-19,2014-11-10,Imogene,Hector,"199-1481 Convallis St.",Flavia,Solis,"543-9493 Et, St.","E0D 0M6",5,1,55,"E0D 0M6",2014-11-10,2014-11-10,5,5,Flavia,Staff
56,Linus,Damon,Axel,Rhoda,"Ap #413-9981 Amet, Rd.","Ap #358-7051 Imperdiet Av.",Female,2015-07-21,"E4P 3J1","Donec nibh. Quisque nonummy ipsum non arcu. Vivamus sit amet",4,2237BCD2-8866-D5AD-AB88-CECB6B30E342,68655,Adobe,Accounting,EE137432190342891612,"Customer Service","lorem vitae odio sagittis semper. Nam tempor diam dictum sapien.",33432,67906,2015-03-02,51522,"velit egestas lacinia. Sed congue, elit","2015-07-05 ",2016-02-12,23629,2016-03-17,2016-07-21,2015-01-20,Davis,Beau,"922-3026 Tristique Street",Elaine,Gray,"P.O. Box 936, 3979 Vulputate, Avenue","I2E 2W0",5,1,56,"I2E 2W0",2015-01-20,2015-01-20,5,5,Elaine,Staff
57,Uriel,Quinlan,Avram,Shelly,"8082 Malesuada St.","P.O. Box 998, 3253 Quisque Ave",Male,2016-10-06,82172,"sit amet lorem semper auctor. Mauris vel turpis. Aliquam adipiscing",2,79060171-27DC-6D47-2D72-225740503B27,54255,Macromedia,"Media Relations",VG1733083382350815632161,"Human Resources","Sed congue, elit sed consequat auctor, nunc nulla vulputate dui,",91721,55916,2016-02-18,39406,"ultricies dignissim lacus. Aliquam rutrum lorem ac","2015-01-20 ",2016-11-01,5036,2015-07-18,2015-03-20,2015-02-10,Barclay,Alvin,"Ap #278-2848 Est, Ave",Kiayada,Stokes,"P.O. Box 731, 3635 Ut Street","N1U 5A5",4,1,57,"N1U 5A5",2015-02-10,2015-02-10,4,4,Kiayada,Staff
58,Quinn,Roth,Martin,Grace,"Ap #689-2532 Magnis St.","281-6348 Velit Road",Female,2015-11-20,36455,"mauris sagittis placerat. Cras dictum ultricies ligula. Nullam enim. Sed",9,A7550FD8-D0ED-DCC1-AA03-CEACFDFB9BC7,13847,Sibelius,"Sales and Marketing",LU740264664704974743,Finances,"magna a neque. Nullam ut nisi a odio semper cursus.",53683,94317,2015-07-13,64728,"risus odio, auctor vitae, aliquet nec, imperdiet","2016-10-06 ",2016-02-26,37388,2015-10-06,2015-07-29,2016-04-30,Samuel,Harper,"2995 Ipsum Road",Fritz,Burke,"620 Donec Road","L1T 8R0",3,2,58,"L1T 8R0",2016-04-30,2016-04-30,3,3,Fritz,Staff
59,Edan,Cyrus,Jordan,Zoe,"Ap #158-8432 Mattis St.","Ap #331-7218 Amet Rd.",Female,2015-01-16,"K2Z 3R9","Donec est mauris, rhoncus id, mollis nec, cursus a, enim.",3,F76663B0-70D6-B31A-2A62-56BE4C3F4181,93201,Lavasoft,"Media Relations",TN3346577679062138594299,"Research and Development","urna convallis erat, eget tincidunt dui augue eu tellus. Phasellus",12543,26182,2016-04-23,86697,"lobortis mauris. Suspendisse aliquet molestie tellus. Aenean","2015-03-06 ",2015-11-22,7702,2014-12-15,2015-02-28,2015-01-30,Aidan,Mark,"701-7702 Amet St.",Wing,Foley,"325-6424 Nonummy. Street","B7C 9B5",3,1,59,"B7C 9B5",2015-01-30,2015-01-30,3,3,Wing,Staff
60,Edan,Davis,Caesar,Tasha,"Ap #347-1029 Nulla. Av.","P.O. Box 953, 551 Sed, Rd.",Female,2014-12-14,850249,"consectetuer ipsum nunc id enim. Curabitur massa. Vestibulum accumsan neque",4,4B98F72F-E612-E6BF-CDD6-5E4424575DA6,67188,Lavasoft,Advertising,PT35438478546086026735196,"Quality Assurance","mauris. Suspendisse aliquet molestie tellus. Aenean egestas hendrerit neque. In",48107,30191,2016-01-12,33965,"Fusce fermentum fermentum arcu. Vestibulum ante ipsum","2015-10-16 ",2015-11-20,40024,2015-05-24,2014-11-23,2015-09-03,Cheyenne,Driscoll,"3501 Adipiscing, Avenue",Sarah,Livingston,"4538 Odio. Street","Q9D 3F2",2,1,60,"Q9D 3F2",2015-09-03,2015-09-03,2,2,Sarah,Staff
61,Garth,Fitzgerald,Dustin,Blythe,"Ap #381-6764 Enim, St.","P.O. Box 570, 7386 Eu, Rd.",Female,2015-01-24,46001,"orci sem eget massa. Suspendisse eleifend. Cras sed leo. Cras",8,EDEEA8DB-D937-BB09-03A9-4154721048D0,4168,Cakewalk,"Customer Service",BE81474055321995,"Quality Assurance","libero mauris, aliquam eu, accumsan sed, facilisis vitae, orci. Phasellus",22414,90443,2016-10-30,42403,enim,"2016-06-18 ",2016-02-01,15155,2015-09-21,2015-12-30,2014-12-19,Brian,Laith,"P.O. Box 668, 7709 Id, Ave",Justina,Lane,"P.O. Box 338, 8620 Euismod Street","D7D 3A6",2,1,61,"D7D 3A6",2014-12-19,2014-12-19,2,2,Justina,Staff
62,Odysseus,Mark,Magee,Pearl,"P.O. Box 212, 1615 Proin Rd.","5563 Dui, Road",Male,2015-12-19,70914,"sagittis felis. Donec tempor, est ac mattis semper, dui lectus",1,CF259A18-B0CB-5994-1EE6-9BA81FBD0FD8,23315,Yahoo,"Customer Relations",NL20EVIW2673644566,"Media Relations","non justo. Proin non massa non ante bibendum ullamcorper. Duis",59239,65637,2014-12-13,24117,"imperdiet,","2015-08-10 ",2015-02-01,66634,2016-10-17,2016-08-21,2016-09-19,Amanda,Isaiah,"P.O. Box 399, 5643 Et, Street",Meredith,Owen,"Ap #340-4657 Mattis Av.","S7P 7D5",5,2,62,"S7P 7D5",2016-09-19,2016-09-19,5,5,Meredith,Staff
63,Armando,Dominic,Abdul,Fredericka,"P.O. Box 900, 2792 Erat St.","3769 Neque. St.",Male,2015-09-29,63-431,"sodales elit erat vitae risus. Duis a mi fringilla mi",9,D866EDEB-41E4-D855-6064-3AC72DFBA55F,35235,Finale,"Public Relations",SM6975749681769496565001093,"Quality Assurance","consequat auctor, nunc nulla vulputate dui, nec tempus mauris erat",19149,51234,2015-06-23,79741,"nonummy. Fusce fermentum fermentum arcu. Vestibulum ante ipsum","2015-06-23 ",2015-03-22,91298,2016-04-11,2015-05-16,2015-07-25,Samantha,Jeremy,"P.O. Box 222, 5174 Nonummy Rd.",Joelle,Hurst,"824-3868 Mauris. Rd.","I1M 7Q1",2,1,63,"I1M 7Q1",2015-07-25,2015-07-25,2,2,Joelle,Staff
64,Gary,Jordan,Upton,Lani,"955-5002 Egestas St.","P.O. Box 702, 3288 Aenean Rd.",Male,2015-03-16,28502,"sit amet, consectetuer adipiscing elit. Curabitur sed tortor. Integer aliquam",5,AFC33E55-9DCA-FFDC-252B-992728DCEA79,82842,Altavista,Accounting,AT772778983284771585,"Sales and Marketing","id risus quis diam luctus lobortis. Class aptent taciti sociosqu",33287,985,2016-07-10,41455,"cursus vestibulum.","2016-05-21 ",2016-08-11,23858,2016-09-01,2016-06-10,2015-04-05,Blythe,Tiger,"P.O. Box 434, 7041 Cras Av.",Mark,Stuart,"Ap #990-2540 Tellus. Street","A9G 5K2",2,1,64,"A9G 5K2",2015-04-05,2015-04-05,2,2,Mark,Staff
65,Tobias,Raphael,Gareth,Sacha,"4483 Mi Street","Ap #725-783 Risus Rd.",Male,2016-03-13,57293,"molestie. Sed id risus quis diam luctus lobortis. Class aptent",10,3AC5FF3D-5405-66F3-8DF8-B6F9DEA26101,28298,Chami,"Tech Support",MK38771664699317435,Payroll,"posuere cubilia Curae; Donec tincidunt. Donec vitae erat vel pede",14345,88482,2016-04-25,11009,"enim. Etiam","2015-10-11 ",2015-01-25,95511,2016-08-20,2016-04-08,2016-01-29,Virginia,Shad,"Ap #829-7384 Nunc Avenue",Marshall,Sweeney,"Ap #932-5737 Risus. Av.","N5K 2A2",2,2,65,"N5K 2A2",2016-01-29,2016-01-29,2,2,Marshall,Staff
66,Adam,Jerome,Malcolm,Althea,"5116 Tellus Street","6019 A, Street",Female,2016-09-22,51020,"nec, diam. Duis mi enim, condimentum eget, volutpat ornare, facilisis",7,0AB70D29-AD75-4560-FF0E-10D8DC202786,71622,Lycos,"Research and Development",LB30140864860359276272071935,"Media Relations","sem ut cursus luctus, ipsum leo elementum sem, vitae aliquam",22551,88430,2014-11-11,41041,eget,"2015-08-07 ",2016-02-19,55906,2014-11-09,2016-04-13,2015-10-04,Bethany,Scott,"1923 Senectus Rd.",Cally,Solis,"Ap #106-6540 Tellus. St.","W7V 8N8",4,2,66,"W7V 8N8",2015-10-04,2015-10-04,4,4,Cally,Staff
67,Kareem,Ryder,Abel,Joelle,"569-1649 Per Rd.","P.O. Box 752, 3688 Eros Av.",Male,2016-05-25,6250GA,"metus. In nec orci. Donec nibh. Quisque nonummy ipsum non",10,E0683ACD-2FA2-F879-2D82-C70FF551110B,43939,Sibelius,"Research and Development",HU10272410028559587178411242,"Human Resources","elementum, dui quis accumsan convallis, ante lectus convallis est, vitae",50913,67767,2016-07-19,63871,"nibh. Donec est mauris, rhoncus id, mollis nec,","2016-06-02 ",2016-06-05,21233,2016-02-18,2016-03-18,2014-12-16,Galena,Sylvester,"7732 Eu St.",Sylvia,Maynard,"436-3035 Lorem Street","X0S 9U5",4,2,67,"X0S 9U5",2014-12-16,2014-12-16,4,4,Sylvia,Staff
68,Chase,Justin,Neil,Rhiannon,"919-4121 Eu, Rd.","810-9179 Pellentesque St.",Male,2015-06-24,"C7I 3US","ipsum non arcu. Vivamus sit amet risus. Donec egestas. Aliquam",4,DCCE95F0-7592-88F1-B17A-30C55BE0612A,72525,Altavista,"Legal Department",TN5959772108576364324352,"Legal Department","auctor odio a purus. Duis elementum, dui quis accumsan convallis,",98397,72497,2015-10-18,6725,molestie.,"2015-10-16 ",2016-06-25,53777,2015-01-11,2016-10-19,2015-04-29,Dominic,Nasim,"P.O. Box 664, 4159 Integer St.",Alexis,Phelps,"P.O. Box 729, 4031 Nisl. St.","M5W 9T0",3,1,68,"M5W 9T0",2015-04-29,2015-04-29,3,3,Alexis,Staff
69,Eaton,Eric,Price,Bethany,"P.O. Box 314, 1609 Vel Avenue","621-4398 A Rd.",Female,2016-09-03,757259,"cursus, diam at pretium aliquet, metus urna convallis erat, eget",9,606998F6-BB70-06B2-48DE-204F0C67675C,59294,Google,"Tech Support",FI0348730054299624,"Human Resources","risus. Quisque libero lacus, varius et, euismod et, commodo at,",92913,77768,2016-04-21,94595,"Lorem ipsum dolor sit amet, consectetuer adipiscing elit.","2015-11-05 ",2016-08-28,27713,2015-01-18,2016-01-30,2015-07-18,Marah,Joseph,"1487 Duis Rd.",Regina,Mcfadden,"Ap #206-3840 Commodo Road","S3U 2X9",3,1,69,"S3U 2X9",2015-07-18,2015-07-18,3,3,Regina,Staff
70,Jamal,Leonard,Barclay,Shaine,"Ap #193-9273 Leo. St.","Ap #549-4162 Eu Rd.",Male,2015-08-26,8794,"magna. Ut tincidunt orci quis lectus. Nullam suscipit, est ac",10,3A9CD232-1EAB-B85D-3A53-E7AA080266DD,95937,Google,Finances,BG21TYUT81765783460665,"Asset Management","Aenean eget magna. Suspendisse tristique neque venenatis lacus. Etiam bibendum",30075,16321,2016-06-22,62822,"euismod mauris eu elit. Nulla facilisi. Sed neque.","2015-08-14 ",2015-11-27,72489,2015-04-05,2015-03-11,2016-02-20,Rebecca,Emmanuel,"P.O. Box 967, 6423 Dapibus Av.",Karina,Richardson,"2701 Nulla Street","E2K 5Q2",6,1,70,"E2K 5Q2",2016-02-20,2016-02-20,6,6,Karina,Staff
71,Calvin,Kenneth,Honorato,Melanie,"P.O. Box 215, 4127 Nisl Road","Ap #796-8248 Integer Avenue",Male,2015-08-16,61849,"mattis ornare, lectus ante dictum mi, ac mattis velit justo",7,1109F5B9-DD58-C645-C3BE-CDE9E51EF1FB,14126,Altavista,"Tech Support",GI86GCZH607495012512416,"Asset Management","est arcu ac orci. Ut semper pretium neque. Morbi quis",47930,30302,2015-05-27,80705,"Integer vitae nibh.","2014-12-17 ",2015-06-20,4409,2015-04-28,2016-07-19,2015-02-28,Mohammad,Kadeem,"P.O. Box 883, 6123 Non Rd.",Uma,Avila,"416-4507 Eget St.","S4T 7W8",3,1,71,"S4T 7W8",2015-02-28,2015-02-28,3,3,Uma,Staff
72,Oscar,Gregory,Connor,Barbara,"P.O. Box 179, 1636 Blandit. Street","P.O. Box 187, 7251 Fringilla. Avenue",Male,2015-01-20,6619,"Donec dignissim magna a tortor. Nunc commodo auctor velit. Aliquam",4,E0FEA248-8B07-7B4E-FAD0-3C3D2B7E2794,15763,Lycos,"Sales and Marketing",AT319363863278409769,"Customer Service","est, vitae sodales nisi magna sed dui. Fusce aliquam, enim",78653,11844,2015-03-07,24500,Proin,"2015-11-20 ",2016-03-14,27365,2016-05-05,2016-07-25,2016-07-02,Talon,Ross,"Ap #818-6630 Molestie. Ave",Mona,Cardenas,"Ap #383-7519 Molestie Avenue","V8D 9Z2",3,1,72,"V8D 9Z2",2016-07-02,2016-07-02,3,3,Mona,Staff
73,Lucas,Honorato,Julian,Yen,"Ap #112-8856 Ridiculus Av.","436-4458 Arcu. Avenue",Female,2014-12-01,21771-833,"ac urna. Ut tincidunt vehicula risus. Nulla eget metus eu",3,B638BBFF-CC3C-050B-472D-B0130669398D,4754,Google,"Customer Relations",TR928975882421635049082494,"Quality Assurance","nunc est, mollis non, cursus non, egestas a, dui. Cras",62945,96078,2015-03-27,69878,"porttitor tellus non magna.","2016-03-03 ",2015-10-08,53392,2015-07-14,2015-11-23,2016-10-24,Wang,Peter,"4191 Ridiculus Rd.",Scarlet,Head,"173-1509 Interdum St.","S3I 3N7",3,1,73,"S3I 3N7",2016-10-24,2016-10-24,3,3,Scarlet,Staff
74,Neville,Kenneth,Jin,Destiny,"2756 Id Rd.","Ap #419-9981 Curabitur Rd.",Male,2015-07-17,538,"nec, leo. Morbi neque tellus, imperdiet non, vestibulum nec, euismod",6,A8175CE6-0E94-9580-80AF-24D7DCD7EBBD,89363,Adobe,Payroll,BA768693084086412719,"Media Relations","ante dictum cursus. Nunc mauris elit, dictum eu, eleifend nec,",50015,30207,2015-11-15,79912,"Phasellus dolor elit, pellentesque a, facilisis non,","2015-12-16 ",2016-10-04,52906,2014-12-26,2015-04-08,2015-08-02,Kathleen,Dustin,"632-8458 Adipiscing Avenue",Brett,Randall,"3586 Enim Avenue","D2V 3Z5",5,1,74,"D2V 3Z5",2015-08-02,2015-08-02,5,5,Brett,Staff
75,Talon,Lawrence,Colton,Savannah,"Ap #491-3382 Nunc St.","900-5509 Ligula. Rd.",Female,2016-05-26,7568,"purus. Nullam scelerisque neque sed sem egestas blandit. Nam nulla",2,63560EC4-4A20-672C-CD19-F18B682AA5C8,18353,Altavista,"Sales and Marketing",MT33NLVF53580857378968655149489,Advertising,"dolor elit, pellentesque a, facilisis non, bibendum sed, est. Nunc",90866,28579,2015-11-09,83659,"parturient montes, nascetur ridiculus mus. Proin","2015-02-21 ",2015-09-18,10558,2016-10-01,2015-10-07,2015-02-27,Lev,Kenneth,"7516 Elit, Street",Colin,Vance,"P.O. Box 685, 2858 Nulla Ave","E9I 5M4",5,1,75,"E9I 5M4",2015-02-27,2015-02-27,5,5,Colin,Staff
76,Sawyer,Robert,Jasper,Cecilia,"619 Semper, St.","1484 Sed Road",Male,2016-08-14,0021DN,"imperdiet nec, leo. Morbi neque tellus, imperdiet non, vestibulum nec,",10,3B4DF893-D1BE-8451-7890-B8D5F01AF434,29425,Lycos,"Asset Management",IE71MNEH46238093796005,"Quality Assurance","eu dolor egestas rhoncus. Proin nisl sem, consequat nec, mollis",84042,72286,2016-10-20,25416,"lorem tristique aliquet. Phasellus","2015-08-20 ",2015-11-24,53090,2016-01-08,2015-06-18,2015-11-26,September,Neil,"P.O. Box 942, 2482 Duis Road",Uriel,Cote,"Ap #791-2766 Morbi St.","G4L 8Q4",4,2,76,"G4L 8Q4",2015-11-26,2015-11-26,4,4,Uriel,Staff
77,Chadwick,Galvin,Vladimir,Rama,"Ap #449-4462 Non Rd.","P.O. Box 934, 7813 Dolor Street",Male,2016-02-20,"V55 4BW","risus. Nulla eget metus eu erat semper rutrum. Fusce dolor",9,5374599E-D440-9697-9BEA-047AD23D2F2C,35924,Lycos,"Media Relations",TN7897836481486314153643,"Quality Assurance","posuere cubilia Curae; Phasellus ornare. Fusce mollis. Duis sit amet",28542,31622,2016-04-29,68039,"nunc sit amet metus. Aliquam erat","2015-05-09 ",2015-09-25,69923,2016-07-06,2016-01-31,2016-01-29,Samantha,Walter,"Ap #127-5646 Dictum St.",Giacomo,Barker,"Ap #495-5977 A, Rd.","K6Y 4Q7",3,1,77,"K6Y 4Q7",2016-01-29,2016-01-29,3,3,Giacomo,Staff
78,Valentine,Marsden,Ross,Xena,"3310 Iaculis Road","386-4197 Nisi. Rd.",Male,2015-06-27,423229,"orci luctus et ultrices posuere cubilia Curae; Donec tincidunt. Donec",4,84A6C207-625E-6697-157A-BDF1504014B9,74777,Google,"Public Relations",BE78144226048322,"Legal Department","nec, cursus a, enim. Suspendisse aliquet, sem ut cursus luctus,",74115,8020,2016-05-25,18513,"nonummy. Fusce fermentum fermentum arcu. Vestibulum ante ipsum primis","2016-08-19 ",2016-03-19,78885,2016-08-06,2015-07-20,2015-05-25,Akeem,Merritt,"Ap #879-8090 Sagittis Road",Lacy,Lawrence,"725-1603 Magna Road","T1K 7P2",3,1,78,"T1K 7P2",2015-05-25,2015-05-25,3,3,Lacy,Staff
79,Norman,Abdul,Nathan,Suki,"6182 Nostra, Avenue","845-6669 Duis Street",Male,2014-12-22,55827,"penatibus et magnis dis parturient montes, nascetur ridiculus mus. Donec",9,D0DFD967-628B-EA19-680D-85D0BCC43B05,96131,Chami,"Public Relations",RO06IBIJ4212866746855900,Payroll,"pretium aliquet, metus urna convallis erat, eget tincidunt dui augue",59272,16276,2016-04-27,62830,"aliquam arcu. Aliquam",2015-03-21,2016-03-14,96775,2015-12-14,2016-10-16,2016-08-27,Malcolm,Ray,"P.O. Box 521, 4767 Pede. Road",Brett,Hinton,"Ap #423-8920 Augue. Rd.","R4U 8W7",2,1,79,"R4U 8W7",2016-08-27,2016-08-27,2,2,Brett,Staff
80,Castor,Sebastian,Drew,Quon,"6523 Aliquam Rd.","983-9792 Phasellus Street",Male,2015-10-17,01440-139,"fringilla cursus purus. Nullam scelerisque neque sed sem egestas blandit.",7,A8C9DC5B-AF2E-1F34-19AB-DF89C326C3B5,58292,Adobe,"Human Resources",LB69480093225412940102234532,"Quality Assurance","Fusce feugiat. Lorem ipsum dolor sit amet, consectetuer adipiscing elit.",25226,99022,2016-08-03,39508,"euismod ac,",2014-12-17,2016-08-02,28533,2015-07-05,2016-07-29,2016-05-06,Kirestin,Alan,"Ap #239-1402 Purus Street",Clio,Carver,"195-3211 Blandit Ave","B4V 5Q0",2,2,80,"B4V 5Q0",2016-05-06,2016-05-06,2,2,Clio,Staff
81,Phelan,Callum,Howard,Madaline,"P.O. Box 946, 6795 Sit St.","5143 Duis Road",Female,2015-09-22,43312,"Mauris vestibulum, neque sed dictum eleifend, nunc risus varius orci,",7,4ED1B751-353F-F1FA-B1B7-223CAB16E16B,64731,Lavasoft,"Quality Assurance",BG62MAZW80242904923549,"Human Resources","lectus justo eu arcu. Morbi sit amet massa. Quisque porttitor",12246,74058,2015-02-04,92365,"Cras pellentesque. Sed","2016-05-25 ",2014-11-23,72723,2015-08-16,2014-12-04,2016-10-06,Sierra,Addison,"P.O. Box 323, 7494 Elit, Road",Garth,Davis,"P.O. Box 843, 1503 Cursus Rd.","D3M 2L3",5,1,81,"D3M 2L3",2016-10-06,2016-10-06,5,5,Garth,Staff
82,Paki,Duncan,Rahim,Sybil,"Ap #148-2247 Risus Rd.","7248 Mauris. Rd.",Female,2015-05-18,2372JW,"sodales. Mauris blandit enim consequat purus. Maecenas libero est, congue",7,D9CF86F6-C000-00DA-7DAD-D253678CBC60,78301,Altavista,Finances,HR2558870789619501772,"Research and Development","Vestibulum accumsan neque et nunc. Quisque ornare tortor at risus.",57159,11706,2016-07-11,9547,"nunc. In at pede. Cras vulputate velit eu sem. Pellentesque","2015-04-19 ",2016-03-10,71920,2015-01-17,2016-06-21,2015-03-16,Deanna,Kareem,"Ap #337-7933 Convallis Av.",Marah,Perry,"612 Libero Av.","R5D 9M1",2,1,82,"R5D 9M1",2015-03-16,2015-03-16,2,2,Marah,Staff
83,Scott,Lee,Alan,Nichole,"4146 Nam Rd.","Ap #337-4582 Augue Road",Male,2014-12-04,20841,"tristique ac, eleifend vitae, erat. Vivamus nisi. Mauris nulla. Integer",10,DCB3B26F-5676-C28A-79E7-F3653A96AEEF,44561,Adobe,"Research and Development",MC2932721085577404456600200,Accounting,"enim. Etiam imperdiet dictum magna. Ut tincidunt orci quis lectus.",19634,71612,2015-10-09,78725,"iaculis odio. Nam interdum enim non nisi. Aenean eget","2016-06-12 ",2016-01-29,79905,2015-02-22,2016-08-23,2016-01-25,Moana,Keefe,"9066 Curabitur Road",Kieran,Barr,"Ap #589-8233 Donec Ave","S5R 9A0",2,2,83,"S5R 9A0",2016-01-25,2016-01-25,2,2,Kieran,Staff
84,Finn,Quentin,Gil,Blaine,"489-481 Cubilia Road","4269 Morbi Av.",Male,2014-11-26,50300-765,"Nunc ut erat. Sed nunc est, mollis non, cursus non,",3,2118367A-DE14-68C3-72BE-4A801AB54A18,66416,Lavasoft,"Human Resources",NO5587368974295,"Research and Development","elit, dictum eu, eleifend nec, malesuada ut, sem. Nulla interdum.",10217,40916,2016-09-09,48092,"ac urna.","2015-12-12 ",2016-03-15,80360,2015-09-21,2016-09-09,2016-05-25,Petra,Baker,"6591 Sapien. Rd.",Stacey,Burton,"P.O. Box 624, 3937 Augue St.","E8X 3V9",2,1,84,"E8X 3V9",2016-05-25,2016-05-25,2,2,Stacey,Staff
85,Graiden,Rahim,Tyler,Alice,"539-2850 Turpis Ave","Ap #603-7919 Cursus Rd.",Male,2016-04-06,1631,"egestas. Fusce aliquet magna a neque. Nullam ut nisi a",8,5037F638-68A2-BB26-F145-53D52EEF8F7B,80387,Cakewalk,Finances,AZ21730489420644682362931879,Finances,"nec luctus felis purus ac tellus. Suspendisse sed dolor. Fusce",26946,97540,2015-06-19,14716,"est,","2015-05-20 ",2016-09-23,49484,2016-03-20,2015-01-18,2015-03-28,Victor,Jonas,"P.O. Box 271, 7648 Egestas. St.",Hayden,Stevenson,"117-5504 Nulla Rd.","D7D 1W2",4,1,85,"D7D 1W2",2015-03-28,2015-03-28,4,4,Hayden,Staff
86,Lev,Coby,Yasir,Kevyn,"P.O. Box 409, 3622 Tempus Ave","534-7142 Lorem, Av.",Female,2016-05-20,486321,"malesuada fames ac turpis egestas. Fusce aliquet magna a neque.",2,DB4405A2-AAB1-FC7B-0A73-5D336AF5F02C,58732,Borland,"Legal Department",GL2373240109916690,"Research and Development","Duis mi enim, condimentum eget, volutpat ornare, facilisis eget, ipsum.",88875,33229,2016-10-27,69728,"Donec sollicitudin adipiscing ligula.","2016-10-22 ",2015-06-17,53334,2015-04-11,2016-05-24,2015-05-20,Eve,Clinton,"3490 Tempor Ave",Kylie,Gilbert,"638-2048 Justo. St.","K9I 8A1",4,1,86,"K9I 8A1",2015-05-20,2015-05-20,4,4,Kylie,Staff
87,Alden,Carson,Palmer,Illana,"112-7584 Phasellus St.","853-7939 Tristique St.",Female,2016-08-03,10329,"ut dolor dapibus gravida. Aliquam tincidunt, nunc ac mattis ornare,",9,298C10E8-6D93-9EDF-55C8-849A4A0CC19D,11074,"Apple Systems","Quality Assurance",SA4255096395891629210884,Finances,"lacus. Quisque purus sapien, gravida non, sollicitudin a, malesuada id,",49800,54460,2015-11-04,46587,"sed, hendrerit a, arcu. Sed et libero. Proin","2015-06-03 ",2016-01-23,2618,2015-01-05,2015-05-08,2015-08-24,Hiroko,Hammett,"1293 Dictum Rd.",Zia,Hensley,"P.O. Box 984, 159 Sodales Av.","I6A 0Q4",3,2,87,"I6A 0Q4",2015-08-24,2015-08-24,3,3,Zia,Staff
88,Octavius,Wayne,Beck,Shannon,"P.O. Box 492, 1437 Rhoncus. St.","2963 Posuere Rd.",Female,2015-12-01,"Q18 9WP","auctor vitae, aliquet nec, imperdiet nec, leo. Morbi neque tellus,",6,3858E24C-7446-9F16-BD54-7D6BF6AD6020,86453,Altavista,"Customer Relations",GL5889260029370339,"Customer Service","quam quis diam. Pellentesque habitant morbi tristique senectus et netus",2308,73980,2016-05-22,27294,"mus. Proin vel arcu eu odio",2015-06-15,2016-07-06,83060,2015-09-13,2015-02-10,2016-07-11,Quyn,Alden,"5654 In, Av.",Aurelia,Miranda,"2336 Purus Av.","V4I 7Q8",3,2,88,"V4I 7Q8",2016-07-11,2016-07-11,3,3,Aurelia,Staff
89,Jelani,Preston,Lester,Summer,"6084 Sapien, Rd.","4661 Egestas Road",Male,2016-06-18,1376,"sodales at, velit. Pellentesque ultricies dignissim lacus. Aliquam rutrum lorem",2,7A09435D-E8D8-F4E7-F3A0-C6740D0872E2,30474,Lycos,"Customer Relations",SK4485002174765994630567,Accounting,"eleifend vitae, erat. Vivamus nisi. Mauris nulla. Integer urna. Vivamus",41945,25635,2015-05-28,54888,"dapibus rutrum, justo. Praesent luctus. Curabitur egestas nunc sed libero.","2016-05-20 ",2015-11-11,43498,2014-12-29,2016-10-17,2015-04-14,Brenna,Gabriel,"Ap #973-9486 Tempor Road",Demetria,Huff,"Ap #558-9432 Nulla Av.","H4C 4W8",2,1,89,"H4C 4W8",2015-04-14,2015-04-14,2,2,Demetria,Staff
90,Wade,Forrest,Fulton,Sage,"592-4218 Aliquet Avenue","Ap #484-4536 Bibendum. Ave",Male,2015-01-15,6989,"non, luctus sit amet, faucibus ut, nulla. Cras eu tellus",1,38E0F8A9-F01E-740F-9A3E-C0123D455FDD,67490,Yahoo,"Research and Development",CR9112689132259178979,"Media Relations","sagittis augue, eu tempor erat neque non quam. Pellentesque habitant",8872,38611,2016-10-01,71240,"Aliquam gravida","2016-03-29 ",2015-05-16,22832,2015-12-04,2015-08-04,2016-10-13,Willa,Allistair,"536-6865 Fermentum Rd.",Chiquita,Vincent,"220-3580 Eleifend Av.","G6D 5J0",3,2,90,"G6D 5J0",2016-10-13,2016-10-13,3,3,Chiquita,Staff
91,Hayden,William,Drew,Kerry,"7692 Euismod Road","776-8065 Amet Rd.",Female,2015-02-22,71850,"nonummy. Fusce fermentum fermentum arcu. Vestibulum ante ipsum primis in",5,566E3C9D-41C9-9B99-145B-F3561D66B7FA,82861,Lycos,Advertising,PS706047039871153433977318457,Finances,"fringilla, porttitor vulputate, posuere vulputate, lacus. Cras interdum. Nunc sollicitudin",8011,31836,2016-10-05,4863,"diam. Proin dolor. Nulla semper","2015-08-02 ",2015-10-11,29730,2015-07-09,2016-03-29,2015-06-23,Shad,Perry,"456-2447 Volutpat Rd.",Brenda,Lindsay,"6765 Aliquam Rd.","Q9F 3F2",3,1,91,"Q9F 3F2",2015-06-23,2015-06-23,3,3,Brenda,Teacher
92,Trevor,Mannix,Oliver,Sonia,"P.O. Box 821, 5656 Lobortis Road","P.O. Box 795, 2153 Morbi Street",Male,2015-11-30,88-836,"mi lacinia mattis. Integer eu lacus. Quisque imperdiet, erat nonummy",4,5967119D-42C2-1BF5-A591-048FA4EC91E6,14157,Macromedia,"Customer Service",MD5203249722332342871987,Payroll,"Vestibulum ut eros non enim commodo hendrerit. Donec porttitor tellus",67715,36738,2016-11-04,17990,"mollis. Integer tincidunt aliquam arcu. Aliquam","2016-02-26 ",2016-02-27,44533,2016-09-27,2015-09-19,2015-02-06,Piper,Gavin,"468-6650 Lorem St.",Dane,Burgess,"Ap #993-1724 Amet St.","S7Y 5G0",3,2,92,"S7Y 5G0",2015-02-06,2015-02-06,3,3,Dane,Teacher
93,Demetrius,Talon,Brady,Myra,"5125 Cursus St.","1183 Nunc St.",Male,2015-06-24,196325,"at augue id ante dictum cursus. Nunc mauris elit, dictum",10,CAC337DD-42D8-C67A-78ED-F8E980BE93D3,16639,Finale,Advertising,IT885PYFDI71677644961255439,"Public Relations","cursus purus. Nullam scelerisque neque sed sem egestas blandit. Nam",14421,25222,2016-05-14,1405,"egestas. Fusce aliquet magna","2015-01-02 ",2016-01-26,71936,2015-12-28,2015-11-23,2016-07-23,Samson,Uriel,"Ap #412-3530 Sed, Ave",Rhiannon,Alston,"Ap #300-759 Erat Ave","E3E 1E7",5,1,93,"E3E 1E7",2016-07-23,2016-07-23,5,5,Rhiannon,Teacher
94,Carlos,Grady,Micah,Alexa,"449-407 Felis St.","Ap #129-591 Orci Av.",Female,2014-12-29,50799,"Nam tempor diam dictum sapien. Aenean massa. Integer vitae nibh.",8,422DB47D-856E-C081-F688-4FF767DE9828,6588,Altavista,Payroll,SA2481612561530525061118,"Human Resources","non arcu. Vivamus sit amet risus. Donec egestas. Aliquam nec",84302,28759,2016-10-31,73004,"Nulla interdum. Curabitur dictum. Phasellus in felis. Nulla tempor","2015-09-16 ",2016-03-27,24965,2016-08-31,2015-01-24,2016-04-16,Jael,Colorado,"4559 Pede. St.",Joel,Bridges,"Ap #750-9494 Nonummy. Rd.","N5K 1N2",5,1,94,"N5K 1N2",2016-04-16,2016-04-16,5,5,Joel,Teacher
95,James,Tate,Kasper,Pandora,"Ap #889-3894 Fermentum Ave","P.O. Box 254, 4609 Rutrum. Rd.",Female,2016-07-22,"TN1 7EH","cursus in, hendrerit consectetuer, cursus et, magna. Praesent interdum ligula",2,7C0479B1-4FEE-718D-2210-4C281A48DCB5,87629,Chami,Payroll,PT30274794496368972659964,"Customer Service","diam. Duis mi enim, condimentum eget, volutpat ornare, facilisis eget,",15490,25386,2016-08-23,85419,dignissim,"2015-08-31 ",2016-04-07,22289,2015-03-22,2014-11-10,2014-11-14,Clark,Ishmael,"853-1747 Nisi. Avenue",Kay,Hill,"P.O. Box 648, 8573 Mauris Rd.","J1K 3F6",4,2,95,"J1K 3F6",2014-11-14,2014-11-14,4,4,Kay,Teacher
96,Isaac,Jasper,Conan,Julie,"640-4094 Iaculis Rd.","P.O. Box 689, 6192 Et, St.",Female,2015-01-04,25599,"ac turpis egestas. Fusce aliquet magna a neque. Nullam ut",8,CB987970-0B21-9F5C-BA11-3411C6CB956E,43372,Altavista,"Customer Service",PK6252134612446453758931,Payroll,"at pede. Cras vulputate velit eu sem. Pellentesque ut ipsum",31559,76119,2015-06-17,32372,"auctor velit.","2015-12-07 ",2015-02-14,74337,2015-06-09,2014-11-24,2016-04-25,Ignatius,Jesse,"9220 Vivamus Street",Gavin,Warner,"184-6402 Vulputate Rd.","W1X 6Q2",3,2,96,"W1X 6Q2",2016-04-25,2016-04-25,3,3,Gavin,Teacher
97,Dante,Hoyt,Zane,Candace,"1248 Scelerisque Ave","912-245 A Road",Male,2014-12-29,89258,"est. Nunc ullamcorper, velit in aliquet lobortis, nisi nibh lacinia",8,1647366B-5A66-CB02-C78E-584F4232C48B,63144,Macromedia,"Customer Relations",GL5375874846270382,"Asset Management","enim. Sed nulla ante, iaculis nec, eleifend non, dapibus rutrum,",45809,41978,2014-11-29,12468,"sem, vitae aliquam eros","2015-12-16 ",2015-11-18,23043,2016-01-06,2016-01-16,2015-05-06,Kyle,Jameson,"180-6950 Aliquam Street",Wallace,Salinas,"180-3519 Maecenas Rd.","P8L 9R5",3,1,97,"P8L 9R5",2015-05-06,2015-05-06,3,3,Wallace,Teacher
98,Neil,Ashton,Victor,Colette,"724-4215 Sem Avenue","P.O. Box 784, 9453 Consequat Avenue",Female,2015-03-22,60506,"nisi a odio semper cursus. Integer mollis. Integer tincidunt aliquam",5,5B4546B6-2D0F-23F8-0087-B076F7E342F3,79817,Lycos,"Legal Department",LI6703896710947030841,"Human Resources","nisi. Aenean eget metus. In nec orci. Donec nibh. Quisque",69932,20628,2015-05-05,68881,"varius ultrices, mauris ipsum porta","2016-04-30 ",2016-08-31,422,2016-01-17,2015-11-04,2016-10-19,Maia,Giacomo,"Ap #585-8159 Massa. St.",Malachi,Acosta,"P.O. Box 433, 9581 Facilisis Street","B2S 1C2",2,1,98,"B2S 1C2",2016-10-19,2016-10-19,2,2,Malachi,Teacher
99,Amal,Sawyer,Caleb,Lacy,"1695 Erat St.","4671 Metus Rd.",Female,2014-12-02,3490,"lobortis, nisi nibh lacinia orci, consectetuer euismod est arcu ac",9,FC476D7F-FD0F-36D0-2638-3908D5662D18,34291,Macromedia,"Customer Service",BA719747511871825401,Payroll,"ut dolor dapibus gravida. Aliquam tincidunt, nunc ac mattis ornare,",41050,90025,2016-09-27,98272,"dui, nec tempus mauris erat eget ipsum.","2016-06-17 ",2016-06-01,90734,2015-09-07,2014-11-11,2015-06-08,Sasha,Simon,"8101 Luctus Avenue",Idola,Michael,"892-4548 Non, Avenue","K6O 5N0",2,1,99,"K6O 5N0",2015-06-08,2015-06-08,2,2,Idola,Teacher
100,Matthew,Ciaran,Kieran,Indigo,"P.O. Box 821, 3641 Massa St.","Ap #780-2771 Integer Road",Female,2015-01-08,6522,"adipiscing lobortis risus. In mi pede, nonummy ut, molestie in,",2,0D19E657-2F84-B19F-FF44-712B6E0A4F4E,42858,Microsoft,"Legal Department",VG1869272521887793823673,"Tech Support","mi lacinia mattis. Integer eu lacus. Quisque imperdiet, erat nonummy",36070,26345,2016-10-15,63090,"felis. Nulla tempor augue ac ipsum.","2015-06-21 ",2016-09-01,9496,2015-03-05,2016-10-31,2015-12-20,Keiko,Kibo,"Ap #119-7436 Quam Rd.",Eaton,Bowers,"3657 Sollicitudin St.","Q3R 7E4",5,1,100,"Q3R 7E4",2015-12-20,2015-12-20,5,5,Eaton,Teacher
