"id","index_no","address","designation","subject","salary_code","joining_date","mpo_enlisting_date","resign_date","date_of_pay_recvd","start_date","end_date","vacation_from","vacation_to","total_exp_from","total_exp_to","current","employee_id","institute_id","manager_id"
1,32288,"939-3582 Enim, Av.","Customer Relations","sem semper erat, in consectetuer ipsum nunc id enim. Curabitur",50532,"2015-04-26","2016-07-08","2015-01-16","2015-05-03","2016-07-10","2016-06-23","2014-12-17","2016-07-11","2015-09-09","2016-07-13","true",4,1,1
2,9626,"587-8171 Sed Street","Customer Relations","in aliquet lobortis, nisi nibh lacinia orci,",56490,"2014-12-19","2015-11-13","2015-03-18","2016-09-04","2015-01-20","2016-03-19","2016-06-08","2016-02-28","2016-01-22","2015-12-09","true",4,1,2
3,69404,"P.O. Box 127, 439 Volutpat. Avenue","Human Resources","quam a felis",62403,"2015-12-31","2016-09-21","2015-10-23","2016-02-29","2016-02-21","2016-03-15","2015-08-15","2015-11-16","2016-06-21","2015-04-04","false",10,1,3
4,50193,"6186 Ut Road","Advertising","per",71079,"2015-03-16","2016-06-16","2015-05-12","2015-10-13","2015-03-23","2014-12-13","2015-04-25","2015-03-16","2015-10-01","2016-03-01","true",4,1,4
5,89556,"P.O. Box 421, 7335 A Rd.","Payroll","magna. Sed eu eros. Nam",37780,"2016-08-02","2016-01-02","2014-12-07","2015-12-14","2015-08-13","2015-05-23","2016-10-12","2015-05-15","2015-01-25","2016-05-01","false",10,1,5
6,14507,"Ap #617-1325 Vel St.","Human Resources","non, egestas a, dui.",16914,"2015-08-09","2015-11-06","2015-02-20","2016-04-01","2015-11-20","2016-07-08","2015-03-18","2016-09-18","2016-09-28","2015-02-19","true",9,1,1
7,68141,"867-528 Nibh Rd.","Tech Support","ante",47113,"2015-08-08","2015-10-21","2016-07-06","2016-06-03","2016-08-06","2016-08-24","2014-11-15","2015-06-17","2016-04-18","2016-01-25","false",7,1,2
8,57276,"Ap #548-6007 Mauris Rd.","Payroll","vulputate",44575,"2015-11-26","2016-06-05","2016-05-08","2016-05-17","2015-03-21","2015-09-08","2016-10-21","2015-09-02","2016-07-29","2014-12-15","true",8,1,3
9,33317,"9648 Mauris, Street","Legal Department","Donec nibh. Quisque nonummy ipsum non arcu. Vivamus",18762,"2016-06-21","2016-05-29","2015-05-02","2016-10-04","2016-06-04","2015-08-30","2016-03-20","2015-11-03","2015-04-08","2014-12-13","false",10,1,4
10,16255,"P.O. Box 490, 7578 Et, Road","Tech Support","velit egestas lacinia. Sed congue, elit sed consequat auctor,",95738,"2014-11-11","2015-11-10","2016-06-05","2016-06-18","2015-10-13","2015-03-15","2015-10-08","2015-02-28","2016-01-23","2014-12-16","true",2,1,5
11,33754,"P.O. Box 964, 5100 Tortor. Avenue","Finances","scelerisque neque sed sem egestas blandit. Nam nulla",71684,"2014-12-10","2016-05-31","2016-02-24","2016-05-07","2015-03-02","2015-01-18","2016-05-16","2016-09-25","2015-10-10","2015-03-17","true",8,1,1
12,77195,"224-9011 Vehicula Rd.","Legal Department","tincidunt, nunc",19265,"2016-06-19","2015-08-23","2015-04-07","2015-08-10","2015-11-04","2016-08-14","2015-05-18","2016-05-17","2016-06-19","2016-06-23","false",7,1,2
13,42160,"P.O. Box 766, 3550 Duis Street","Advertising","Cras dictum ultricies ligula.",58586,"2015-12-11","2015-08-30","2015-11-22","2015-01-03","2015-11-02","2015-06-25","2015-02-10","2014-11-18","2015-10-20","2016-05-11","false",8,1,3
14,60263,"P.O. Box 390, 4180 Accumsan Av.","Advertising","Nullam",3686,"2015-11-21","2016-10-14","2016-10-31","2015-11-15","2015-01-11","2015-04-12","2015-05-15","2015-01-22","2014-12-03","2016-08-25","true",1,1,4
15,9215,"322-7435 Et Rd.","Media Relations","Ut tincidunt orci quis lectus. Nullam",44830,"2016-01-23","2015-04-30","2016-04-29","2015-01-14","2015-07-18","2016-04-17","2016-02-21","2016-03-26","2015-11-26","2016-03-17","false",6,1,5
16,97224,"779-9790 Arcu. Avenue","Tech Support","eu, placerat eget, venenatis a, magna. Lorem",22866,"2015-11-23","2016-05-18","2016-10-22","2016-08-12","2016-01-18","2015-03-26","2015-02-10","2015-10-27","2016-06-12","2015-07-07","true",7,1,1
17,7698,"476-8134 Odio St.","Finances","Fusce aliquam, enim",53538,"2016-07-17","2015-11-30","2016-06-30","2015-09-18","2016-08-13","2016-05-25","2015-12-25","2015-12-21","2015-02-17","2016-10-29","true",7,1,2
18,24801,"Ap #407-432 Parturient St.","Public Relations","vitae sodales nisi magna sed dui. Fusce aliquam, enim nec",5215,"2016-08-25","2016-02-08","2015-05-14","2015-10-24","2016-02-17","2015-02-20","2016-10-18","2015-01-18","2016-10-04","2016-06-24","false",2,1,3
19,31606,"5267 Vel St.","Human Resources","non enim commodo hendrerit.",77113,"2016-08-08","2015-03-09","2016-09-17","2016-01-16","2015-01-08","2015-01-20","2015-02-23","2016-03-28","2015-05-17","2015-03-17","false",6,1,4
20,97417,"P.O. Box 162, 2816 Eros Av.","Quality Assurance","scelerisque dui. Suspendisse ac metus vitae velit egestas lacinia.",19330,"2016-05-25","2015-09-07","2015-07-03","2016-05-21","2016-03-06","2016-06-03","2014-11-20","2016-01-01","2016-01-16","2016-03-28","true",3,1,1
21,29960,"Ap #843-3915 Augue Av.","Media Relations","et malesuada fames ac",80347,"2015-06-17","2016-01-24","2014-11-10","2016-05-25","2016-02-11","2016-05-07","2014-12-23","2016-11-01","2016-02-08","2016-08-19","false",10,1,1
22,91720,"Ap #796-2358 Feugiat. St.","Accounting","luctus, ipsum leo elementum",70249,"2015-12-03","2015-09-04","2015-07-15","2015-02-09","2016-10-18","2015-03-21","2016-03-07","2015-01-30","2016-07-05","2015-02-04","true",6,1,1
23,64271,"Ap #636-6763 Praesent St.","Sales and Marketing","neque pellentesque massa lobortis",98429,"2016-01-28","2015-08-11","2015-10-15","2016-08-25","2015-06-23","2016-10-15","2016-05-05","2015-07-28","2016-10-31","2015-09-25","false",4,1,1
24,52913,"Ap #463-8259 Sed St.","Finances","pede, ultrices a, auctor non, feugiat",22527,"2015-04-18","2016-01-30","2015-07-16","2016-05-23","2015-10-31","2016-02-09","2016-03-08","2016-01-27","2016-03-18","2015-03-16","true",2,1,1
25,28421,"534-7014 Nec, Avenue","Media Relations","diam luctus lobortis. Class aptent taciti sociosqu ad",92073,"2016-10-19","2016-06-19","2016-06-13","2015-01-21","2016-06-21","2015-06-22","2015-07-11","2015-06-27","2015-02-02","2015-05-17","false",9,1,1
26,8880,"4405 Diam Avenue","Human Resources","leo. Cras vehicula aliquet libero. Integer",22947,"2015-08-02","2016-07-15","2015-08-21","2015-04-02","2016-02-13","2016-06-08","2015-02-11","2015-07-20","2016-02-10","2016-10-10","false",3,1,1
27,80918,"4162 Pede Ave","Tech Support","Integer",63401,"2015-05-03","2016-06-09","2015-12-19","2016-09-10","2015-09-17","2015-04-16","2016-01-08","2016-02-23","2015-11-18","2016-10-23","true",4,1,1
28,11403,"147-3695 Id, Road","Finances","ultrices sit amet, risus. Donec nibh enim, gravida sit amet,",58222,"2015-07-25","2015-01-05","2016-09-16","2015-02-17","2016-05-18","2015-09-07","2016-01-08","2016-03-05","2016-03-25","2014-12-07","true",10,1,1
29,67874,"Ap #702-6866 Sit Avenue","Asset Management","lectus pede et risus. Quisque libero lacus, varius",36830,"2016-07-12","2016-05-08","2016-01-20","2016-03-03","2014-12-13","2015-04-22","2016-03-23","2016-07-04","2015-06-27","2015-09-30","false",8,1,1
30,53285,"P.O. Box 327, 4998 In Rd.","Sales and Marketing","ante. Maecenas mi felis,",74127,"2015-04-21","2016-06-15","2015-03-28","2016-05-03","2015-08-19","2016-09-26","2016-05-31","2016-01-04","2015-02-16","2015-11-17","true",10,1,1
31,80897,"Ap #366-2359 Commodo St.","Legal Department","ac mi eleifend egestas. Sed",24334,"2016-07-02","2016-10-24","2014-12-19","2016-03-26","2016-04-25","2016-10-27","2016-01-13","2016-06-08","2015-09-15","2016-09-05","false",9,1,1
32,48015,"Ap #431-4448 Duis St.","Asset Management","Praesent eu nulla at sem",99516,"2015-03-25","2016-08-22","2015-09-30","2016-08-10","2015-02-11","2015-07-12","2014-12-02","2016-03-06","2014-11-17","2016-10-24","true",1,1,1
33,62604,"Ap #949-7754 Donec St.","Sales and Marketing","nec",57846,"2015-09-19","2016-04-16","2016-08-05","2015-09-22","2015-03-27","2016-01-25","2015-04-01","2015-05-10","2016-05-17","2014-12-18","true",4,1,1
34,87241,"Ap #756-9004 A, Ave","Payroll","sed turpis nec mauris blandit mattis. Cras",51339,"2016-08-14","2016-05-22","2016-02-26","2016-07-12","2015-03-07","2016-09-11","2015-05-11","2016-08-23","2016-08-16","2015-02-13","false",9,1,1
35,56812,"801-6004 Neque Ave","Media Relations","pharetra sed, hendrerit",93817,"2016-04-08","2015-04-14","2016-04-23","2015-08-22","2015-08-27","2016-07-16","2015-07-11","2016-04-18","2016-03-12","2016-07-03","true",2,1,1
36,46235,"9696 Sapien. Road","Customer Service","tellus. Aenean egestas",41298,"2015-05-08","2016-01-18","2014-11-06","2016-09-10","2014-12-02","2015-11-29","2016-06-02","2015-12-06","2015-03-05","2015-11-04","false",5,1,1
37,87001,"3190 Gravida Avenue","Payroll","Donec egestas. Aliquam nec",90542,"2015-11-06","2016-02-01","2015-08-28","2015-06-12","2015-06-23","2016-02-08","2016-07-25","2016-06-25","2015-12-10","2015-01-16","true",4,1,1
38,49827,"5308 Leo, Road","Media Relations","euismod mauris eu elit. Nulla facilisi. Sed neque. Sed",17517,"2015-09-25","2015-04-30","2015-02-28","2014-11-15","2015-05-21","2015-10-26","2015-09-25","2015-12-01","2014-11-28","2016-03-11","false",6,1,1
39,85583,"277-3352 Elit. Avenue","Payroll","dictum augue malesuada malesuada. Integer",89460,"2016-10-07","2016-02-27","2016-01-04","2016-03-15","2016-06-12","2016-08-09","2016-04-17","2015-04-21","2015-10-15","2016-10-26","true",8,1,1
40,64028,"P.O. Box 165, 230 Purus. St.","Research and Development","elementum",58606,"2015-12-03","2015-02-09","2015-05-21","2016-07-20","2016-05-29","2015-02-17","2016-07-03","2015-06-01","2014-12-05","2016-06-25","true",1,1,1
41,98712,"531-4471 Sed Rd.","Accounting","feugiat non, lobortis quis, pede. Suspendisse dui.",54040,"2015-09-02","2015-05-04","2015-01-01","2016-04-10","2015-09-13","2014-12-02","2015-04-23","2015-08-18","2016-10-06","2016-09-28","true",10,1,1
42,41918,"223-9911 Amet Avenue","Tech Support","Integer aliquam adipiscing lacus. Ut nec",70714,"2015-03-22","2014-12-05","2014-12-13","2014-12-27","2015-08-28","2014-12-07","2016-05-11","2015-03-09","2015-12-05","2016-02-13","true",6,1,1
43,28666,"Ap #325-5119 Id Rd.","Asset Management","Fusce mollis. Duis",41707,"2015-03-04","2014-11-26","2015-05-13","2015-05-09","2016-01-15","2015-01-13","2016-05-24","2015-11-10","2016-09-22","2015-03-03","false",7,1,1
44,76100,"P.O. Box 155, 4861 Massa. Rd.","Research and Development","pellentesque, tellus sem mollis dui, in sodales elit erat",4525,"2016-04-30","2015-03-15","2015-08-20","2015-03-07","2015-03-15","2016-01-26","2014-12-14","2016-06-16","2016-05-25","2016-02-26","true",4,1,1
45,87534,"Ap #618-8332 Elit, Ave","Sales and Marketing","risus. Donec nibh enim, gravida sit amet,",48354,"2015-02-16","2015-08-09","2015-01-29","2015-05-09","2014-11-10","2015-01-19","2015-07-29","2014-12-08","2016-05-08","2015-05-19","false",4,1,1
46,35724,"P.O. Box 433, 3141 Ultricies Ave","Asset Management","erat. Sed nunc est, mollis non, cursus non, egestas a,",51355,"2016-05-27","2015-12-01","2015-10-16","2015-10-14","2015-07-09","2015-06-18","2015-03-11","2015-06-03","2015-01-05","2016-10-07","true",4,1,1
47,84130,"Ap #495-5541 Nec, Road","Accounting","Mauris vestibulum, neque sed dictum eleifend, nunc risus varius",15908,"2015-05-07","2014-11-14","2014-11-15","2015-06-05","2016-08-07","2015-12-13","2016-01-14","2016-01-31","2016-08-31","2016-07-10","true",4,1,1
48,91685,"873-953 Mauris Rd.","Research and Development","at pretium aliquet, metus urna convallis erat, eget",76174,"2016-09-24","2015-01-13","2015-05-17","2015-11-26","2015-06-16","2015-05-26","2016-01-26","2015-07-24","2016-08-10","2015-11-21","true",2,1,1
49,51475,"653-7006 Ut, St.","Legal Department","risus. Duis a mi fringilla mi lacinia",35228,"2016-01-22","2015-04-02","2015-08-12","2015-11-07","2016-08-05","2015-01-08","2014-11-21","2016-08-29","2016-02-21","2016-01-06","false",8,1,1
50,98357,"P.O. Box 546, 2374 Natoque Street","Payroll","urna. Nunc quis",44814,"2015-05-26","2016-10-12","2014-11-07","2015-05-29","2016-06-05","2015-01-04","2016-05-28","2015-04-08","2015-09-29","2015-12-24","false",10,1,1
51,99614,"9615 Ut, Av.","Tech Support","neque et",51169,"2016-05-06","2016-09-27","2016-09-18","2015-12-03","2016-02-09","2014-12-16","2014-12-22","2016-01-08","2014-12-11","2016-09-28","true",3,1,1
52,75410,"Ap #923-9442 Vitae Road","Human Resources","eu neque pellentesque",17302,"2015-06-25","2016-09-01","2014-12-21","2016-09-24","2014-11-23","2015-05-15","2015-10-04","2015-12-24","2015-09-26","2014-11-20","true",6,1,1
53,35375,"225-1517 A, St.","Finances","amet, consectetuer adipiscing elit. Etiam laoreet, libero et tristique",62445,"2016-09-22","2016-06-29","2016-10-06","2016-05-03","2016-07-23","2015-08-06","2016-08-05","2016-09-07","2016-04-13","2015-07-01","false",1,1,1
54,2881,"P.O. Box 275, 9378 Scelerisque, St.","Legal Department","Mauris magna. Duis",73742,"2016-09-26","2015-09-04","2015-06-12","2016-04-24","2016-09-20","2015-01-13","2015-12-11","2014-12-27","2016-01-03","2016-03-22","false",5,1,1
55,57395,"963-1607 Phasellus St.","Tech Support","volutpat nunc",26602,"2016-07-17","2015-01-04","2015-04-14","2016-02-28","2016-01-12","2016-08-03","2015-07-26","2015-11-08","2015-12-11","2015-09-19","false",10,1,1
56,27012,"Ap #192-9594 Neque Rd.","Asset Management","fermentum arcu. Vestibulum ante",13718,"2015-08-10","2016-04-09","2014-11-17","2015-07-19","2016-05-23","2015-05-24","2015-02-19","2016-03-08","2015-05-16","2015-02-24","false",10,1,1
57,94652,"P.O. Box 851, 9730 Bibendum Ave","Customer Service","volutpat nunc",42945,"2016-07-17","2015-11-14","2015-09-12","2015-10-11","2015-04-17","2016-05-06","2015-03-16","2016-01-03","2016-06-15","2016-05-13","true",8,1,1
58,52539,"P.O. Box 905, 5586 Urna. Ave","Payroll","augue. Sed molestie. Sed id",72497,"2016-10-06","2015-11-20","2015-10-23","2015-06-14","2015-11-06","2016-06-01","2015-12-21","2015-08-06","2015-08-04","2016-06-20","false",8,1,1
59,22236,"P.O. Box 370, 1035 Varius Street","Public Relations","primis in faucibus orci luctus et",22813,"2016-06-25","2015-06-05","2016-07-21","2015-01-28","2016-04-08","2015-11-17","2015-04-04","2015-04-04","2016-01-05","2016-08-18","true",4,1,1
60,90608,"426-7735 Eros Ave","Quality Assurance","eu dui. Cum",11311,"2014-12-12","2016-07-01","2016-07-09","2014-12-09","2015-01-29","2015-10-10","2016-09-18","2016-02-01","2015-05-29","2016-08-24","false",3,1,1
61,43372,"496-930 Ornare St.","Sales and Marketing","Mauris ut quam vel",76116,"2016-10-24","2015-01-03","2016-05-29","2016-04-11","2015-10-11","2016-02-11","2015-02-17","2015-03-07","2015-06-08","2015-10-29","false",8,1,1
62,9666,"1814 Hendrerit St.","Research and Development","turpis.",73849,"2015-03-14","2016-09-05","2016-04-10","2016-02-26","2016-10-15","2015-03-01","2015-03-23","2015-05-29","2016-05-12","2016-08-30","false",4,1,1
63,2454,"4696 Et Rd.","Public Relations","Sed dictum.",43467,"2015-03-08","2015-08-10","2015-02-06","2016-09-21","2015-05-15","2016-09-12","2016-08-29","2015-09-27","2016-04-20","2016-06-29","true",2,1,1
64,60870,"9849 Amet Ave","Payroll","sociosqu ad litora torquent per",78374,"2015-05-18","2014-12-03","2016-02-16","2014-11-08","2015-10-16","2015-12-26","2015-04-25","2016-05-07","2015-05-04","2015-04-29","true",1,1,1
65,33909,"P.O. Box 292, 168 Massa. Rd.","Research and Development","Pellentesque habitant morbi tristique senectus et",40027,"2016-10-04","2015-10-01","2016-03-15","2016-02-21","2015-07-13","2016-01-29","2016-09-27","2015-10-29","2014-12-12","2016-10-19","false",9,1,1
66,50171,"Ap #137-8027 Eu Road","Advertising","pede sagittis augue,",79051,"2015-08-29","2015-12-09","2015-06-03","2015-12-06","2015-04-22","2014-11-10","2015-10-08","2015-01-19","2015-08-11","2016-05-12","false",7,1,1
67,76044,"504-1490 Posuere St.","Human Resources","morbi",95452,"2015-07-24","2014-11-11","2016-11-01","2015-06-13","2016-10-31","2015-07-18","2015-06-14","2016-01-03","2014-11-14","2016-10-30","true",8,1,1
68,33912,"2774 Quisque St.","Sales and Marketing","eu nulla at sem molestie sodales.",27953,"2016-10-26","2015-10-21","2014-12-29","2016-06-25","2014-12-15","2015-08-21","2015-12-03","2016-02-22","2016-09-06","2015-02-05","false",1,1,1
69,44611,"6171 Ut, Street","Legal Department","dolor. Fusce mi lorem,",40020,"2015-05-03","2016-01-11","2015-01-28","2015-04-24","2014-11-05","2016-05-29","2016-01-03","2016-03-06","2016-03-29","2016-05-05","true",1,1,1
70,82871,"P.O. Box 621, 9769 Aliquet Ave","Sales and Marketing","ullamcorper magna. Sed eu eros. Nam consequat dolor vitae dolor.",31118,"2015-11-07","2015-02-14","2016-03-12","2015-01-03","2015-08-30","2016-02-07","2015-04-27","2015-06-09","2014-12-31","2015-09-19","false",7,1,1
71,87271,"Ap #565-1342 Aenean St.","Finances","neque. Morbi",18594,"2015-02-25","2016-10-09","2016-04-11","2015-02-05","2016-03-05","2016-06-17","2015-06-14","2015-10-31","2016-07-12","2015-10-01","false",2,1,1
72,7432,"964-6170 Vitae St.","Research and Development","enim, gravida sit amet, dapibus id, blandit",16235,"2015-08-17","2016-01-08","2016-06-30","2015-03-28","2016-10-30","2015-07-14","2016-08-08","2016-04-14","2015-10-09","2015-10-07","false",8,1,1
73,69994,"Ap #683-8355 Mattis. Rd.","Asset Management","velit. Aliquam nisl. Nulla eu neque pellentesque massa lobortis",74714,"2015-10-05","2015-08-07","2016-06-12","2015-03-17","2016-03-01","2016-08-22","2016-05-25","2015-10-03","2015-12-07","2015-07-03","false",6,1,1
74,60739,"Ap #832-1411 Sem Av.","Payroll","ac nulla. In tincidunt congue turpis. In condimentum. Donec at",98492,"2016-07-11","2015-06-15","2016-02-23","2016-04-14","2015-12-31","2016-09-19","2016-09-08","2015-04-22","2016-04-02","2015-02-18","true",3,1,1
75,84377,"P.O. Box 282, 9293 At, Rd.","Sales and Marketing","non, feugiat nec, diam. Duis mi enim, condimentum eget,",80845,"2015-11-20","2015-05-29","2016-03-14","2015-12-07","2015-11-21","2016-10-08","2015-09-28","2015-06-16","2015-08-09","2015-03-20","false",8,1,1
76,44031,"P.O. Box 564, 4558 Neque St.","Public Relations","ut ipsum ac mi eleifend egestas. Sed pharetra, felis eget",95505,"2015-11-07","2015-12-29","2015-04-01","2015-09-21","2016-09-16","2016-01-26","2015-03-20","2015-03-20","2015-11-19","2015-07-08","true",7,1,1
77,84022,"P.O. Box 117, 1392 Egestas Avenue","Quality Assurance","lectus sit amet luctus vulputate,",62071,"2014-11-11","2015-01-10","2016-01-21","2015-06-28","2015-09-14","2015-06-28","2015-04-08","2016-08-11","2015-12-02","2015-01-27","false",5,1,1
78,53447,"Ap #288-5485 Cras Rd.","Quality Assurance","tincidunt nibh. Phasellus nulla. Integer vulputate, risus",85392,"2015-04-26","2016-02-05","2015-05-24","2015-06-07","2014-11-07","2016-09-06","2015-11-03","2015-06-28","2015-12-14","2015-06-09","false",10,1,1
79,41095,"1979 Nec Rd.","Finances","rutrum urna, nec luctus felis",25459,"2015-10-24","2014-12-25","2016-03-29","2016-08-10","2016-05-17","2016-03-02","2015-01-24","2015-03-10","2014-11-30","2015-06-29","true",5,1,1
80,62041,"P.O. Box 866, 420 Nunc Ave","Advertising","quam. Curabitur vel lectus. Cum sociis",29290,"2015-04-10","2015-11-22","2016-03-15","2015-10-31","2015-02-12","2016-05-02","2015-05-27","2016-03-23","2016-04-15","2016-08-15","true",1,1,1
81,11549,"3103 Vitae, Rd.","Payroll","Aliquam ultrices iaculis odio.",55541,"2016-09-08","2015-01-13","2016-02-24","2015-01-22","2015-11-26","2015-01-14","2016-04-14","2015-04-07","2015-09-28","2016-05-10","false",3,1,1
82,34751,"6051 Et Ave","Customer Service","mollis vitae, posuere",59690,"2015-09-18","2015-12-05","2015-08-13","2016-11-03","2016-02-04","2015-03-15","2016-04-29","2015-12-22","2016-09-10","2015-04-10","false",3,1,1
83,77310,"303-2265 Cursus. Avenue","Finances","interdum feugiat. Sed nec",44461,"2015-03-26","2016-01-09","2015-12-17","2015-07-28","2015-05-08","2016-02-26","2015-06-02","2016-10-26","2015-03-22","2015-05-19","false",8,1,1
84,60859,"Ap #743-1852 Lacinia St.","Human Resources","lacinia",26242,"2015-11-24","2016-02-15","2015-08-24","2015-06-26","2015-07-11","2015-10-20","2016-08-11","2015-06-18","2015-12-13","2015-09-23","false",1,1,1
85,79046,"2486 Dictum Av.","Public Relations","euismod est arcu ac orci.",58878,"2016-07-20","2015-04-22","2015-01-10","2016-05-30","2015-06-22","2015-03-31","2016-06-06","2015-04-23","2015-06-28","2016-08-15","true",9,1,1
86,9322,"P.O. Box 107, 944 Vulputate, Av.","Quality Assurance","lacus pede",10257,"2015-06-21","2016-07-10","2014-12-19","2014-12-06","2015-12-06","2015-12-01","2015-01-01","2015-08-15","2015-10-01","2016-01-23","true",8,1,1
87,62362,"950-6727 Libero. St.","Sales and Marketing","Phasellus dapibus quam quis diam. Pellentesque habitant morbi",66867,"2014-12-12","2016-10-20","2014-11-27","2015-02-18","2014-12-25","2014-12-23","2016-01-16","2016-06-28","2016-10-21","2015-05-15","false",4,1,1
88,51821,"P.O. Box 712, 2410 Lorem Street","Accounting","vitae, erat. Vivamus nisi. Mauris nulla. Integer urna. Vivamus",41508,"2015-02-10","2016-08-05","2016-02-02","2015-01-18","2016-08-22","2014-11-15","2016-03-23","2016-04-14","2016-04-26","2015-12-25","false",8,1,1
89,11267,"Ap #793-4394 Iaculis Avenue","Legal Department","eget odio. Aliquam vulputate ullamcorper magna. Sed eu eros.",82245,"2016-10-18","2015-06-29","2016-04-14","2015-12-07","2015-01-08","2016-10-07","2016-02-25","2015-06-12","2014-11-08","2016-01-14","false",10,1,1
90,259,"268-4061 Ridiculus St.","Human Resources","non justo. Proin non massa",8694,"2014-12-19","2015-12-26","2014-11-27","2015-02-20","2016-01-04","2016-05-10","2016-04-12","2015-12-22","2016-07-04","2016-10-04","true",10,1,1
91,96210,"4321 Euismod St.","Customer Service","non justo. Proin non massa non ante bibendum ullamcorper. Duis",53214,"2015-02-12","2015-02-08","2015-09-18","2016-05-05","2016-08-29","2016-08-18","2016-03-29","2016-09-07","2015-04-15","2014-12-07","false",5,1,1
92,35613,"Ap #289-697 Sapien. Avenue","Advertising","amet,",94955,"2016-10-09","2015-03-12","2015-04-20","2015-07-31","2014-12-30","2015-01-21","2016-10-17","2015-08-17","2015-05-20","2015-11-30","false",9,1,1
93,54131,"8701 Ante. St.","Asset Management","venenatis vel, faucibus id, libero.",38861,"2015-04-01","2015-01-29","2016-05-31","2016-03-05","2015-03-11","2015-06-02","2014-12-22","2015-02-10","2014-12-23","2016-02-04","false",10,1,1
94,36524,"Ap #395-6868 Adipiscing Street","Tech Support","elementum sem, vitae aliquam eros turpis non enim. Mauris",84245,"2015-07-31","2015-11-06","2015-07-13","2015-05-07","2015-02-22","2014-12-21","2015-09-27","2016-01-10","2015-11-24","2015-09-07","true",9,1,1
95,98707,"Ap #956-9092 Ligula Rd.","Research and Development","mauris id sapien. Cras dolor dolor, tempus non, lacinia",26567,"2015-11-01","2014-11-07","2016-04-11","2015-05-07","2015-03-30","2014-12-13","2014-12-08","2015-02-19","2015-03-21","2014-11-30","false",9,1,1
96,41576,"8975 Ac Avenue","Payroll","Vivamus rhoncus. Donec est.",29807,"2015-12-04","2016-09-14","2016-08-26","2015-09-22","2015-12-13","2015-01-09","2015-08-31","2015-04-23","2016-07-02","2015-10-26","true",2,1,1
97,23069,"Ap #586-5698 In, Ave","Asset Management","nulla at sem",76552,"2015-09-28","2016-10-01","2015-08-24","2014-12-30","2015-01-31","2016-01-10","2016-06-13","2015-10-08","2016-05-16","2016-05-18","false",3,1,1
98,56963,"218-1402 Magnis Avenue","Tech Support","auctor non,",34593,"2016-06-16","2015-06-27","2015-07-26","2014-12-01","2016-09-11","2015-07-17","2015-01-06","2014-12-30","2015-03-03","2016-05-12","true",1,1,1
99,77374,"8131 Ac Street","Research and Development","ligula. Aenean gravida nunc sed pede.",9520,"2016-09-01","2016-06-13","2015-06-27","2016-09-18","2015-12-22","2016-10-25","2016-10-15","2016-10-21","2015-12-26","2015-11-02","true",1,1,1
100,93535,"Ap #926-9183 Orci Street","Quality Assurance","sit amet, risus. Donec nibh enim, gravida sit",19757,"2015-07-14","2016-06-14","2015-09-30","2015-07-08","2015-04-15","2015-01-01","2016-05-17","2015-10-10","2015-01-30","2016-09-15","false",8,1,1
