"id","name","subjects_coverd","location","started_date","ended_date","result","inst_employee_id"
"1","Zend Certificaiton","PHP","USA","2016-10-29","2016-10-29","4","1"
"2","CCNA","CISSCO","USA","2016-10-29","2016-10-29","4","1"
"3","MongoDB","NoSQL DB","USA","2016-10-29","2016-10-29","4","1"
"4","Zend Certificaiton","PHP","USA","2016-10-29","2016-10-29","4","2"
"5","CCNA","CISSCO","USA","2016-10-29","2016-10-29","4","2"
"6","MongoDB","NoSQL DB","USA","2016-10-29","2016-10-29","4","2"
"7","Zend Certificaiton","PHP","USA","2016-10-29","2016-10-29","4","3"
"8","CCNA","CISSCO","USA","2016-10-29","2016-10-29","4","3"
"9","MongoDB","NoSQL DB","USA","2016-10-29","2016-10-29","4","3"
"10","Zend Certificaiton","PHP","USA","2016-10-29","2016-10-29","4","4"
"11","CCNA","CISSCO","USA","2016-10-29","2016-10-29","4","4"
"12","MongoDB","NoSQL DB","USA","2016-10-29","2016-10-29","4","4"
"13","Zend Certificaiton","PHP","USA","2016-10-29","2016-10-29","4","5"
"14","CCNA","CISSCO","USA","2016-10-29","2016-10-29","4","5"
"15","MongoDB","NoSQL DB","USA","2016-10-29","2016-10-29","4","5"
