"id","name","email","contact_no","father_name","mother_name","dob","category","gender","marital_status","blood_group","tin","image","image_content_type","nationality","nid","nid_image","nid_image_content_type","birth_cert_no","birth_cert_image","birth_cert_image_content_type","con_per_name","con_per_mobile","con_per_address","code","mpo_app_status","institute_id","user_id","pay_scale_id","inst_empl_designation_id","course_sub_id","religion_id"
"1","ABD","abcd@yahoo.com","0123456","ABC","BED","2016-10-29","Teacher","Male","Married","A_POSITIVE","","","","Bangladeshi","123456789123","","","","123456","","",123456,"","teacher-001",1,"1","10",null,"1",1,1
"2","Bappy","bappy@yahoo.com","0123456","Father bappy","BED","2016-10-29","Teacher","Male","Married","A_POSITIVE","","","","Bangladeshi","12334456789123","","","","123456","","",123456,"","teacher-002",0,"1","30",null,"1",2,2
"3","Ashraf","ashraf@yahoo.com","0123456","Father ashraf","BED","2016-10-29","Teacher","Male","Married","A_POSITIVE","","","","Bangladeshi","14323456789123","","","","123456","","",123456,"","teacher-003",0,"1","31",null,"1",3,3
"4","Shathi","shathi@yahoo.com","0123456","Father Shathi","BED","2016-10-29","Teacher","Female","Married","A_POSITIVE","","","","Bangladeshi","12345678559123","","","","123456","","",123456,"","teacher-004",0,"1","32",null,"1",4,1
"5","Fuad","fuad@yahoo.com","0123456","Father fuad","BED","2016-10-29","Teacher","Male","Married","A_POSITIVE","","","","Bangladeshi","1234567891232323","","","","123456","","",123456,"","teacher-005",0,"3","33",null,"1",1,2
"6","Fahim","fahim@yahoo.com","0123456","Father Fahim","BED","2016-10-29","Teacher","Male","Married","A_POSITIVE","","","","Bangladeshi","1234532216789123","","","","123456","","",123456,"","teacher-006",0,"3","34",null,"1",3,3
"7","Rezu","rezu@yahoo.com","0123456","Father Rezu","BED","2016-10-29","Teacher","Male","Married","A_POSITIVE","","","","Bangladeshi","1234567891234554","","","","123456","","",123456,"","teacher-007",0,"3","35",null,"1",4,1
"8","Salam","salam@yahoo.com","0123456","Father Salam","BED","2016-10-29","Teacher","Male","Married","A_POSITIVE","","","","Bangladeshi","123456789125433","","","","123456","","",123456,"","teacher-008",0,"4","36",null,"1",2,2
"9","Robi","robi@yahoo.com","0123456","Father Robi","BED","2016-10-29","Teacher","Male","Married","A_POSITIVE","","","","Bangladeshi","1234567891233545","","","","123456","","",123456,"","teacher-009",0,"4","37",null,"1",1,3
"10","Kamal","kamal@yahoo.com","0123456","Father Kamal","BED","2016-10-29","Teacher","Male","Married","A_POSITIVE","","","","Bangladeshi","12345678912545643","","","","123456","","",123456,"","teacher-0010",0,"5","38",null,"1",3,1
